{
  "num_total": 32,
  "num_active": 12,
  "prop_active": 0.375,
  "num_grid_like": 1,
  "prop_grid_like_in_active": 0.08333333333333333,
  "mean_spacing_grid_like": 27.88341976489924
}