{
  "num_total": 32,
  "num_active": 27,
  "prop_active": 0.84375,
  "num_grid_like": 26,
  "prop_grid_like_in_active": 0.9629629629629629,
  "mean_spacing_grid_like": 36.67948273042493,
  "rho_true_mean": 1.0390653610229492,
  "rho_true_std": 0.09265291690826416
}