{
  "num_total": 32,
  "num_active": 12,
  "prop_active": 0.375,
  "num_grid_like": 6,
  "prop_grid_like_in_active": 0.5,
  "mean_spacing_grid_like": 31.815454377319316,
  "rho_true_mean": 0.9520601034164429,
  "rho_true_std": 0.08779281377792358
}