{
  "num_total": 32,
  "num_active": 12,
  "prop_active": 0.375,
  "num_grid_like": 9,
  "prop_grid_like_in_active": 0.75,
  "mean_spacing_grid_like": 31.631700930685085,
  "rho_true_mean": 0.9439917206764221,
  "rho_true_std": 0.07758579403162003
}