{
  "num_total": 32,
  "num_active": 12,
  "prop_active": 0.375,
  "num_grid_like": 12,
  "prop_grid_like_in_active": 1.0,
  "mean_spacing_grid_like": 29.212381326853137,
  "rho_true_mean": 0.8563767075538635,
  "rho_true_std": 0.072357177734375
}