{
  "num_total": 32,
  "num_active": 9,
  "prop_active": 0.28125,
  "num_grid_like": 9,
  "prop_grid_like_in_active": 1.0,
  "mean_spacing_grid_like": 27.583308802442573,
  "rho_true_mean": 0.8145005702972412,
  "rho_true_std": 0.0638764500617981
}