{
  "num_total": 32,
  "num_active": 12,
  "prop_active": 0.375,
  "num_grid_like": 10,
  "prop_grid_like_in_active": 0.8333333333333334,
  "mean_spacing_grid_like": 31.70764251349206,
  "rho_true_mean": 0.9587852954864502,
  "rho_true_std": 0.08178011327981949
}