{
  "num_total": 32,
  "num_active": 24,
  "prop_active": 0.75,
  "num_grid_like": 2,
  "prop_grid_like_in_active": 0.08333333333333333,
  "mean_spacing_grid_like": 40.06123333454951,
  "rho_true_mean": 1.0224055051803589,
  "rho_true_std": 0.10586047917604446
}