{
  "num_total": 32,
  "num_active": 29,
  "prop_active": 0.90625,
  "num_grid_like": 2,
  "prop_grid_like_in_active": 0.06896551724137931,
  "mean_spacing_grid_like": 34.68123081298133,
  "rho_true_mean": 1.0408132076263428,
  "rho_true_std": 0.12502531707286835
}