{
  "num_total": 32,
  "num_active": 12,
  "prop_active": 0.375,
  "num_grid_like": 10,
  "prop_grid_like_in_active": 0.8333333333333334,
  "mean_spacing_grid_like": 31.597561780733137,
  "rho_true_mean": 0.9546222686767578,
  "rho_true_std": 0.09299582242965698
}