{
  "num_total": 32,
  "num_active": 24,
  "prop_active": 0.75,
  "num_grid_like": 6,
  "prop_grid_like_in_active": 0.25,
  "mean_spacing_grid_like": 35.763323430181885,
  "rho_true_mean": 1.0460655689239502,
  "rho_true_std": 0.12041308730840683
}