{
  "num_total": 32,
  "num_active": 13,
  "prop_active": 0.40625,
  "num_grid_like": 10,
  "prop_grid_like_in_active": 0.7692307692307693,
  "mean_spacing_grid_like": 32.27951704260123,
  "rho_true_mean": 0.945864200592041,
  "rho_true_std": 0.0807703360915184
}