{
  "num_total": 32,
  "num_active": 29,
  "prop_active": 0.90625,
  "num_grid_like": 1,
  "prop_grid_like_in_active": 0.034482758620689655,
  "mean_spacing_grid_like": 39.59857617689063,
  "rho_true_mean": 1.0364305973052979,
  "rho_true_std": 0.11775792390108109
}