{
  "num_total": 32,
  "num_active": 25,
  "prop_active": 0.78125,
  "num_grid_like": 1,
  "prop_grid_like_in_active": 0.04,
  "mean_spacing_grid_like": 35.309623376487906,
  "rho_true_mean": 1.0372505187988281,
  "rho_true_std": 0.10060941427946091
}