{
  "num_total": 32,
  "num_active": 18,
  "prop_active": 0.5625,
  "num_grid_like": 9,
  "prop_grid_like_in_active": 0.5,
  "mean_spacing_grid_like": 33.92511264903461,
  "rho_true_mean": 1.0012152194976807,
  "rho_true_std": 0.09521425515413284
}