{
  "num_total": 32,
  "num_active": 24,
  "prop_active": 0.75,
  "num_grid_like": 2,
  "prop_grid_like_in_active": 0.08333333333333333,
  "mean_spacing_grid_like": 34.68603877292431,
  "rho_true_mean": 1.033401608467102,
  "rho_true_std": 0.09736976772546768
}