{
  "num_total": 32,
  "num_active": 17,
  "prop_active": 0.53125,
  "num_grid_like": 17,
  "prop_grid_like_in_active": 1.0,
  "mean_spacing_grid_like": 34.363767968882996,
  "rho_true_mean": 1.016038179397583,
  "rho_true_std": 0.11295084655284882
}