{
  "num_total": 32,
  "num_active": 13,
  "prop_active": 0.40625,
  "num_grid_like": 6,
  "prop_grid_like_in_active": 0.46153846153846156,
  "mean_spacing_grid_like": 31.73598252261259,
  "rho_true_mean": 0.9802752733230591,
  "rho_true_std": 0.10154352337121964
}