{
  "num_total": 32,
  "num_active": 13,
  "prop_active": 0.40625,
  "num_grid_like": 9,
  "prop_grid_like_in_active": 0.6923076923076923,
  "mean_spacing_grid_like": 28.625740073252498,
  "rho_true_mean": 0.8255591988563538,
  "rho_true_std": 0.07377848774194717
}