{
  "num_total": 32,
  "num_active": 11,
  "prop_active": 0.34375,
  "num_grid_like": 6,
  "prop_grid_like_in_active": 0.5454545454545454,
  "mean_spacing_grid_like": 30.500003445083507,
  "rho_true_mean": 0.8993459343910217,
  "rho_true_std": 0.08614937216043472
}