{
  "num_total": 32,
  "num_active": 16,
  "prop_active": 0.5,
  "num_grid_like": 15,
  "prop_grid_like_in_active": 0.9375,
  "mean_spacing_grid_like": 35.05884663920081,
  "rho_true_mean": 1.0133552551269531,
  "rho_true_std": 0.10684813559055328
}