{
  "num_total": 32,
  "num_active": 24,
  "prop_active": 0.75,
  "num_grid_like": 24,
  "prop_grid_like_in_active": 1.0,
  "mean_spacing_grid_like": 36.422833825581215,
  "rho_true_mean": 1.0348711013793945,
  "rho_true_std": 0.08295567333698273
}