{
  "num_total": 32,
  "num_active": 24,
  "prop_active": 0.75,
  "num_grid_like": 24,
  "prop_grid_like_in_active": 1.0,
  "mean_spacing_grid_like": 35.37824852766345,
  "rho_true_mean": 1.1821304559707642,
  "rho_true_std": 0.1119038462638855
}