{
  "num_total": 32,
  "num_active": 23,
  "prop_active": 0.71875,
  "num_grid_like": 23,
  "prop_grid_like_in_active": 1.0,
  "mean_spacing_grid_like": 31.39073996469749,
  "rho_true_mean": 0.9523727893829346,
  "rho_true_std": 0.08496949076652527
}