{
  "num_total": 32,
  "num_active": 18,
  "prop_active": 0.5625,
  "num_grid_like": 16,
  "prop_grid_like_in_active": 0.8888888888888888,
  "mean_spacing_grid_like": 28.589988971679627,
  "rho_true_mean": 0.8294707536697388,
  "rho_true_std": 0.06525522470474243
}