{
  "num_total": 32,
  "num_active": 12,
  "prop_active": 0.375,
  "num_grid_like": 12,
  "prop_grid_like_in_active": 1.0,
  "mean_spacing_grid_like": 27.954100482642954,
  "rho_true_mean": 0.8083095550537109,
  "rho_true_std": 0.06575316190719604
}