{
  "num_total": 32,
  "num_active": 22,
  "prop_active": 0.6875,
  "num_grid_like": 8,
  "prop_grid_like_in_active": 0.36363636363636365,
  "mean_spacing_grid_like": 32.15390474286502,
  "rho_true_mean": 1.1692087650299072,
  "rho_true_std": 0.13803182542324066
}