{
  "num_total": 32,
  "num_active": 23,
  "prop_active": 0.71875,
  "num_grid_like": 10,
  "prop_grid_like_in_active": 0.43478260869565216,
  "mean_spacing_grid_like": 35.42694761879819,
  "rho_true_mean": 1.0220870971679688,
  "rho_true_std": 0.09125417470932007
}