{
  "num_total": 32,
  "num_active": 24,
  "prop_active": 0.75,
  "num_grid_like": 3,
  "prop_grid_like_in_active": 0.125,
  "mean_spacing_grid_like": 33.85087171733009,
  "rho_true_mean": 1.1810953617095947,
  "rho_true_std": 0.1376405507326126
}