{
  "num_total": 32,
  "num_active": 15,
  "prop_active": 0.46875,
  "num_grid_like": 15,
  "prop_grid_like_in_active": 1.0,
  "mean_spacing_grid_like": 28.910156795081853,
  "rho_true_mean": 0.8601770401000977,
  "rho_true_std": 0.07099273800849915
}