{
  "num_total": 32,
  "num_active": 11,
  "prop_active": 0.34375,
  "num_grid_like": 11,
  "prop_grid_like_in_active": 1.0,
  "mean_spacing_grid_like": 30.246357543768337,
  "rho_true_mean": 0.8825923204421997,
  "rho_true_std": 0.07131870090961456
}