{
  "num_total": 32,
  "num_active": 9,
  "prop_active": 0.28125,
  "num_grid_like": 5,
  "prop_grid_like_in_active": 0.5555555555555556,
  "mean_spacing_grid_like": 29.843416849093906,
  "rho_true_mean": 0.8581131100654602,
  "rho_true_std": 0.09137887507677078
}