{
  "num_total": 32,
  "num_active": 14,
  "prop_active": 0.4375,
  "num_grid_like": 12,
  "prop_grid_like_in_active": 0.8571428571428571,
  "mean_spacing_grid_like": 27.66852859873219,
  "rho_true_mean": 0.8143042325973511,
  "rho_true_std": 0.06775448471307755
}