{
  "num_total": 32,
  "num_active": 22,
  "prop_active": 0.6875,
  "num_grid_like": 1,
  "prop_grid_like_in_active": 0.045454545454545456,
  "mean_spacing_grid_like": 35.34224203257827,
  "rho_true_mean": 1.0457721948623657,
  "rho_true_std": 0.12035650759935379
}