{
  "num_total": 32,
  "num_active": 23,
  "prop_active": 0.71875,
  "num_grid_like": 9,
  "prop_grid_like_in_active": 0.391304347826087,
  "mean_spacing_grid_like": 32.53114384430021,
  "rho_true_mean": 1.1802959442138672,
  "rho_true_std": 0.13192662596702576
}