{
  "num_total": 32,
  "num_active": 27,
  "prop_active": 0.84375,
  "num_grid_like": 5,
  "prop_grid_like_in_active": 0.18518518518518517,
  "mean_spacing_grid_like": 35.672272386012125,
  "rho_true_mean": 1.0437779426574707,
  "rho_true_std": 0.0986064150929451
}