{
  "num_total": 32,
  "num_active": 17,
  "prop_active": 0.53125,
  "num_grid_like": 17,
  "prop_grid_like_in_active": 1.0,
  "mean_spacing_grid_like": 30.0932344290396,
  "rho_true_mean": 0.8898215889930725,
  "rho_true_std": 0.06993082910776138
}