{
  "num_total": 32,
  "num_active": 20,
  "prop_active": 0.625,
  "num_grid_like": 20,
  "prop_grid_like_in_active": 1.0,
  "mean_spacing_grid_like": 34.22626083965043,
  "rho_true_mean": 1.0112838745117188,
  "rho_true_std": 0.10794926434755325
}