{
  "num_total": 32,
  "num_active": 18,
  "prop_active": 0.5625,
  "num_grid_like": 10,
  "prop_grid_like_in_active": 0.5555555555555556,
  "mean_spacing_grid_like": 34.09498897262729,
  "rho_true_mean": 1.0177096128463745,
  "rho_true_std": 0.08816390484571457
}