{
  "num_total": 32,
  "num_active": 14,
  "prop_active": 0.4375,
  "num_grid_like": 14,
  "prop_grid_like_in_active": 1.0,
  "mean_spacing_grid_like": 32.88881617162446,
  "rho_true_mean": 0.9743819236755371,
  "rho_true_std": 0.08398011326789856
}