{
  "num_total": 32,
  "num_active": 15,
  "prop_active": 0.46875,
  "num_grid_like": 9,
  "prop_grid_like_in_active": 0.6,
  "mean_spacing_grid_like": 33.04817699962028,
  "rho_true_mean": 0.9763866662979126,
  "rho_true_std": 0.0947033017873764
}