{
  "num_total": 32,
  "num_active": 26,
  "prop_active": 0.8125,
  "num_grid_like": 6,
  "prop_grid_like_in_active": 0.23076923076923078,
  "mean_spacing_grid_like": 35.87432257532361,
  "rho_true_mean": 1.0451490879058838,
  "rho_true_std": 0.09475945681333542
}