{
  "num_total": 32,
  "num_active": 24,
  "prop_active": 0.75,
  "num_grid_like": 6,
  "prop_grid_like_in_active": 0.25,
  "mean_spacing_grid_like": 37.02930630353344,
  "rho_true_mean": 1.0266530513763428,
  "rho_true_std": 0.09653089940547943
}