{
  "num_total": 32,
  "num_active": 19,
  "prop_active": 0.59375,
  "num_grid_like": 19,
  "prop_grid_like_in_active": 1.0,
  "mean_spacing_grid_like": 29.790287928840126,
  "rho_true_mean": 0.8645153045654297,
  "rho_true_std": 0.05977720022201538
}