{
  "num_total": 32,
  "num_active": 16,
  "prop_active": 0.5,
  "num_grid_like": 5,
  "prop_grid_like_in_active": 0.3125,
  "mean_spacing_grid_like": 32.58921289121731,
  "rho_true_mean": 0.9692040681838989,
  "rho_true_std": 0.08897612243890762
}