{
  "num_total": 32,
  "num_active": 26,
  "prop_active": 0.8125,
  "num_grid_like": 11,
  "prop_grid_like_in_active": 0.4230769230769231,
  "mean_spacing_grid_like": 34.47920947733025,
  "rho_true_mean": 1.0182557106018066,
  "rho_true_std": 0.09022344648838043
}