{
  "num_total": 32,
  "num_active": 25,
  "prop_active": 0.78125,
  "num_grid_like": 25,
  "prop_grid_like_in_active": 1.0,
  "mean_spacing_grid_like": 34.68563389288879,
  "rho_true_mean": 1.1857819557189941,
  "rho_true_std": 0.09644602239131927
}