{
  "num_total": 32,
  "num_active": 24,
  "prop_active": 0.75,
  "num_grid_like": 5,
  "prop_grid_like_in_active": 0.20833333333333334,
  "mean_spacing_grid_like": 36.20485670696022,
  "rho_true_mean": 1.0375466346740723,
  "rho_true_std": 0.0982608050107956
}