{
  "num_total": 32,
  "num_active": 13,
  "prop_active": 0.40625,
  "num_grid_like": 13,
  "prop_grid_like_in_active": 1.0,
  "mean_spacing_grid_like": 27.918330906310757,
  "rho_true_mean": 0.8435553312301636,
  "rho_true_std": 0.07115811854600906
}