{
  "num_total": 32,
  "num_active": 14,
  "prop_active": 0.4375,
  "num_grid_like": 14,
  "prop_grid_like_in_active": 1.0,
  "mean_spacing_grid_like": 29.947269340394723,
  "rho_true_mean": 0.8973012566566467,
  "rho_true_std": 0.07405491918325424
}