{
  "num_total": 32,
  "num_active": 11,
  "prop_active": 0.34375,
  "num_grid_like": 11,
  "prop_grid_like_in_active": 1.0,
  "mean_spacing_grid_like": 28.392292007287423,
  "rho_true_mean": 0.8420317769050598,
  "rho_true_std": 0.06770893931388855
}