{
  "num_total": 32,
  "num_active": 14,
  "prop_active": 0.4375,
  "num_grid_like": 14,
  "prop_grid_like_in_active": 1.0,
  "mean_spacing_grid_like": 29.197212458419852,
  "rho_true_mean": 0.8550048470497131,
  "rho_true_std": 0.06589196622371674
}