{
  "num_total": 32,
  "num_active": 19,
  "prop_active": 0.59375,
  "num_grid_like": 13,
  "prop_grid_like_in_active": 0.6842105263157895,
  "mean_spacing_grid_like": 33.854674587296294,
  "rho_true_mean": 1.019942283630371,
  "rho_true_std": 0.09694303572177887
}