{
  "num_total": 32,
  "num_active": 27,
  "prop_active": 0.84375,
  "num_grid_like": 14,
  "prop_grid_like_in_active": 0.5185185185185185,
  "mean_spacing_grid_like": 33.887256424757666,
  "rho_true_mean": 1.1882314682006836,
  "rho_true_std": 0.11650677025318146
}