{
  "num_total": 32,
  "num_active": 24,
  "prop_active": 0.75,
  "num_grid_like": 12,
  "prop_grid_like_in_active": 0.5,
  "mean_spacing_grid_like": 34.1788848924157,
  "rho_true_mean": 1.1708180904388428,
  "rho_true_std": 0.11536583304405212
}