{
  "num_total": 32,
  "num_active": 16,
  "prop_active": 0.5,
  "num_grid_like": 15,
  "prop_grid_like_in_active": 0.9375,
  "mean_spacing_grid_like": 33.7957171100779,
  "rho_true_mean": 0.9947805404663086,
  "rho_true_std": 0.10381770133972168
}