{
  "num_total": 32,
  "num_active": 23,
  "prop_active": 0.71875,
  "num_grid_like": 23,
  "prop_grid_like_in_active": 1.0,
  "mean_spacing_grid_like": 35.15879072608529,
  "rho_true_mean": 1.1871875524520874,
  "rho_true_std": 0.10913296043872833
}