{
  "num_total": 32,
  "num_active": 14,
  "prop_active": 0.4375,
  "num_grid_like": 6,
  "prop_grid_like_in_active": 0.42857142857142855,
  "mean_spacing_grid_like": 32.791582691924965,
  "rho_true_mean": 0.9799830317497253,
  "rho_true_std": 0.09161661565303802
}