{
  "num_total": 32,
  "num_active": 14,
  "prop_active": 0.4375,
  "num_grid_like": 9,
  "prop_grid_like_in_active": 0.6428571428571429,
  "mean_spacing_grid_like": 32.434362832692486,
  "rho_true_mean": 0.9770850539207458,
  "rho_true_std": 0.08490309864282608
}