{
  "num_total": 32,
  "num_active": 12,
  "prop_active": 0.375,
  "num_grid_like": 12,
  "prop_grid_like_in_active": 1.0,
  "mean_spacing_grid_like": 28.852330389309056,
  "rho_true_mean": 0.8868588209152222,
  "rho_true_std": 0.07664941996335983
}