{
  "num_total": 32,
  "num_active": 10,
  "prop_active": 0.3125,
  "num_grid_like": 9,
  "prop_grid_like_in_active": 0.9,
  "mean_spacing_grid_like": 29.870535217990682,
  "rho_true_mean": 0.8514694571495056,
  "rho_true_std": 0.08721435815095901
}