{
  "num_total": 32,
  "num_active": 17,
  "prop_active": 0.53125,
  "num_grid_like": 13,
  "prop_grid_like_in_active": 0.7647058823529411,
  "mean_spacing_grid_like": 34.130061734364844,
  "rho_true_mean": 1.0134165287017822,
  "rho_true_std": 0.0945584625005722
}