{
  "num_total": 32,
  "num_active": 12,
  "prop_active": 0.375,
  "num_grid_like": 9,
  "prop_grid_like_in_active": 0.75,
  "mean_spacing_grid_like": 30.497851672944208,
  "rho_true_mean": 0.8915061950683594,
  "rho_true_std": 0.07789960503578186
}