{
  "num_total": 32,
  "num_active": 27,
  "prop_active": 0.84375,
  "num_grid_like": 20,
  "prop_grid_like_in_active": 0.7407407407407407,
  "mean_spacing_grid_like": 39.015434306353946,
  "rho_true_mean": 1.040910243988037,
  "rho_true_std": 0.09736031293869019
}