{
  "num_total": 32,
  "num_active": 24,
  "prop_active": 0.75,
  "num_grid_like": 24,
  "prop_grid_like_in_active": 1.0,
  "mean_spacing_grid_like": 36.537628018292885,
  "rho_true_mean": 1.034379243850708,
  "rho_true_std": 0.08891728520393372
}