{
  "num_total": 32,
  "num_active": 18,
  "prop_active": 0.5625,
  "num_grid_like": 6,
  "prop_grid_like_in_active": 0.3333333333333333,
  "mean_spacing_grid_like": 34.66071231394698,
  "rho_true_mean": 0.9833443760871887,
  "rho_true_std": 0.09575547277927399
}