{
  "num_total": 32,
  "num_active": 9,
  "prop_active": 0.28125,
  "num_grid_like": 9,
  "prop_grid_like_in_active": 1.0,
  "mean_spacing_grid_like": 30.720881603355217,
  "rho_true_mean": 0.9106751084327698,
  "rho_true_std": 0.0835922509431839
}