{
  "num_total": 32,
  "num_active": 27,
  "prop_active": 0.84375,
  "num_grid_like": 4,
  "prop_grid_like_in_active": 0.14814814814814814,
  "mean_spacing_grid_like": 34.37800097707613,
  "rho_true_mean": 1.0347790718078613,
  "rho_true_std": 0.09377959370613098
}