{
  "num_total": 32,
  "num_active": 14,
  "prop_active": 0.4375,
  "num_grid_like": 14,
  "prop_grid_like_in_active": 1.0,
  "mean_spacing_grid_like": 30.2559162815654,
  "rho_true_mean": 0.8788096904754639,
  "rho_true_std": 0.06718681752681732
}