{
  "num_total": 32,
  "num_active": 24,
  "prop_active": 0.75,
  "num_grid_like": 24,
  "prop_grid_like_in_active": 1.0,
  "mean_spacing_grid_like": 36.348552380359244,
  "rho_true_mean": 1.0214908123016357,
  "rho_true_std": 0.08544428646564484
}