{
  "num_total": 32,
  "num_active": 13,
  "prop_active": 0.40625,
  "num_grid_like": 11,
  "prop_grid_like_in_active": 0.8461538461538461,
  "mean_spacing_grid_like": 30.502680300598698,
  "rho_true_mean": 0.899287760257721,
  "rho_true_std": 0.07658958435058594
}