{
  "num_total": 32,
  "num_active": 14,
  "prop_active": 0.4375,
  "num_grid_like": 14,
  "prop_grid_like_in_active": 1.0,
  "mean_spacing_grid_like": 30.408202609053085,
  "rho_true_mean": 0.9027342796325684,
  "rho_true_std": 0.06947389990091324
}