{
  "num_total": 32,
  "num_active": 22,
  "prop_active": 0.6875,
  "num_grid_like": 16,
  "prop_grid_like_in_active": 0.7272727272727273,
  "mean_spacing_grid_like": 33.77515699491144,
  "rho_true_mean": 1.1769088506698608,
  "rho_true_std": 0.10656970739364624
}