{
  "num_total": 32,
  "num_active": 13,
  "prop_active": 0.40625,
  "num_grid_like": 13,
  "prop_grid_like_in_active": 1.0,
  "mean_spacing_grid_like": 30.505204691354013,
  "rho_true_mean": 0.9280430674552917,
  "rho_true_std": 0.08491794764995575
}