{
  "num_total": 32,
  "num_active": 28,
  "prop_active": 0.875,
  "num_grid_like": 28,
  "prop_grid_like_in_active": 1.0,
  "mean_spacing_grid_like": 34.013725423172325,
  "rho_true_mean": 1.1868016719818115,
  "rho_true_std": 0.10893939435482025
}