{
  "num_total": 32,
  "num_active": 27,
  "prop_active": 0.84375,
  "num_grid_like": 13,
  "prop_grid_like_in_active": 0.48148148148148145,
  "mean_spacing_grid_like": 34.349518080066375,
  "rho_true_mean": 1.1733477115631104,
  "rho_true_std": 0.11126477271318436
}