{
  "num_total": 32,
  "num_active": 24,
  "prop_active": 0.75,
  "num_grid_like": 6,
  "prop_grid_like_in_active": 0.25,
  "mean_spacing_grid_like": 35.34980792684201,
  "rho_true_mean": 1.0460731983184814,
  "rho_true_std": 0.09706441313028336
}