{
  "num_total": 32,
  "num_active": 18,
  "prop_active": 0.5625,
  "num_grid_like": 14,
  "prop_grid_like_in_active": 0.7777777777777778,
  "mean_spacing_grid_like": 34.087521903573105,
  "rho_true_mean": 1.027470350265503,
  "rho_true_std": 0.09287750720977783
}