{
  "num_total": 32,
  "num_active": 12,
  "prop_active": 0.375,
  "num_grid_like": 11,
  "prop_grid_like_in_active": 0.9166666666666666,
  "mean_spacing_grid_like": 30.45955080222366,
  "rho_true_mean": 0.9192689657211304,
  "rho_true_std": 0.07597044855356216
}