{
  "num_total": 32,
  "num_active": 26,
  "prop_active": 0.8125,
  "num_grid_like": 26,
  "prop_grid_like_in_active": 1.0,
  "mean_spacing_grid_like": 34.5061034755648,
  "rho_true_mean": 1.1795145273208618,
  "rho_true_std": 0.10579133778810501
}