{
  "num_total": 32,
  "num_active": 18,
  "prop_active": 0.5625,
  "num_grid_like": 10,
  "prop_grid_like_in_active": 0.5555555555555556,
  "mean_spacing_grid_like": 34.168614295315585,
  "rho_true_mean": 0.995934247970581,
  "rho_true_std": 0.08967237919569016
}