{
  "num_total": 32,
  "num_active": 26,
  "prop_active": 0.8125,
  "num_grid_like": 26,
  "prop_grid_like_in_active": 1.0,
  "mean_spacing_grid_like": 34.508401455044435,
  "rho_true_mean": 1.0098562240600586,
  "rho_true_std": 0.09105495363473892
}