{
  "num_total": 32,
  "num_active": 10,
  "prop_active": 0.3125,
  "num_grid_like": 10,
  "prop_grid_like_in_active": 1.0,
  "mean_spacing_grid_like": 28.270571180489732,
  "rho_true_mean": 0.814253568649292,
  "rho_true_std": 0.07136362046003342
}