{
  "num_total": 32,
  "num_active": 10,
  "prop_active": 0.3125,
  "num_grid_like": 10,
  "prop_grid_like_in_active": 1.0,
  "mean_spacing_grid_like": 29.128513332404346,
  "rho_true_mean": 0.8579908609390259,
  "rho_true_std": 0.06789745390415192
}