{
  "num_total": 32,
  "num_active": 18,
  "prop_active": 0.5625,
  "num_grid_like": 18,
  "prop_grid_like_in_active": 1.0,
  "mean_spacing_grid_like": 29.54738756972978,
  "rho_true_mean": 0.8653625249862671,
  "rho_true_std": 0.06560152769088745
}