{
  "num_total": 32,
  "num_active": 22,
  "prop_active": 0.6875,
  "num_grid_like": 8,
  "prop_grid_like_in_active": 0.36363636363636365,
  "mean_spacing_grid_like": 33.90909348432683,
  "rho_true_mean": 1.0407932996749878,
  "rho_true_std": 0.11202675104141235
}