{
  "num_total": 32,
  "num_active": 26,
  "prop_active": 0.8125,
  "num_grid_like": 26,
  "prop_grid_like_in_active": 1.0,
  "mean_spacing_grid_like": 34.17552677061648,
  "rho_true_mean": 1.1882579326629639,
  "rho_true_std": 0.10417988896369934
}