{
  "num_total": 32,
  "num_active": 17,
  "prop_active": 0.53125,
  "num_grid_like": 15,
  "prop_grid_like_in_active": 0.8823529411764706,
  "mean_spacing_grid_like": 34.060327926124074,
  "rho_true_mean": 1.0255146026611328,
  "rho_true_std": 0.09501662850379944
}