{
  "num_total": 32,
  "num_active": 12,
  "prop_active": 0.375,
  "num_grid_like": 12,
  "prop_grid_like_in_active": 1.0,
  "mean_spacing_grid_like": 31.43521061526631,
  "rho_true_mean": 0.9292504787445068,
  "rho_true_std": 0.0754527673125267
}