{
  "num_total": 32,
  "num_active": 18,
  "prop_active": 0.5625,
  "num_grid_like": 7,
  "prop_grid_like_in_active": 0.3888888888888889,
  "mean_spacing_grid_like": 34.29342872391639,
  "rho_true_mean": 1.011849284172058,
  "rho_true_std": 0.0872340202331543
}