{
  "num_total": 32,
  "num_active": 19,
  "prop_active": 0.59375,
  "num_grid_like": 7,
  "prop_grid_like_in_active": 0.3684210526315789,
  "mean_spacing_grid_like": 33.86522108063261,
  "rho_true_mean": 1.01729416847229,
  "rho_true_std": 0.09177123755216599
}