{
  "num_total": 32,
  "num_active": 26,
  "prop_active": 0.8125,
  "num_grid_like": 3,
  "prop_grid_like_in_active": 0.11538461538461539,
  "mean_spacing_grid_like": 36.42244641304762,
  "rho_true_mean": 1.0443716049194336,
  "rho_true_std": 0.10135374218225479
}