{
  "num_total": 32,
  "num_active": 26,
  "prop_active": 0.8125,
  "num_grid_like": 9,
  "prop_grid_like_in_active": 0.34615384615384615,
  "mean_spacing_grid_like": 33.743691681080115,
  "rho_true_mean": 1.1796655654907227,
  "rho_true_std": 0.12132135778665543
}