{
  "num_total": 32,
  "num_active": 10,
  "prop_active": 0.3125,
  "num_grid_like": 10,
  "prop_grid_like_in_active": 1.0,
  "mean_spacing_grid_like": 29.550609592619576,
  "rho_true_mean": 0.8433892130851746,
  "rho_true_std": 0.07005533576011658
}