{
  "num_total": 32,
  "num_active": 12,
  "prop_active": 0.375,
  "num_grid_like": 9,
  "prop_grid_like_in_active": 0.75,
  "mean_spacing_grid_like": 29.021461392723708,
  "rho_true_mean": 0.8724254369735718,
  "rho_true_std": 0.07836557179689407
}