{
  "num_total": 32,
  "num_active": 13,
  "prop_active": 0.40625,
  "num_grid_like": 11,
  "prop_grid_like_in_active": 0.8461538461538461,
  "mean_spacing_grid_like": 32.8156467115783,
  "rho_true_mean": 0.9936894178390503,
  "rho_true_std": 0.08711357414722443
}