{
  "num_total": 32,
  "num_active": 11,
  "prop_active": 0.34375,
  "num_grid_like": 5,
  "prop_grid_like_in_active": 0.45454545454545453,
  "mean_spacing_grid_like": 30.823919088649838,
  "rho_true_mean": 0.9133328795433044,
  "rho_true_std": 0.08853279054164886
}