{
  "num_total": 32,
  "num_active": 25,
  "prop_active": 0.78125,
  "num_grid_like": 25,
  "prop_grid_like_in_active": 1.0,
  "mean_spacing_grid_like": 34.22350925668307,
  "rho_true_mean": 1.2013068199157715,
  "rho_true_std": 0.1248849555850029
}