{
  "num_total": 32,
  "num_active": 25,
  "prop_active": 0.78125,
  "num_grid_like": 3,
  "prop_grid_like_in_active": 0.12,
  "mean_spacing_grid_like": 34.62254080332184,
  "rho_true_mean": 1.0377428531646729,
  "rho_true_std": 0.10151878744363785
}