{
  "num_total": 32,
  "num_active": 23,
  "prop_active": 0.71875,
  "num_grid_like": 4,
  "prop_grid_like_in_active": 0.17391304347826086,
  "mean_spacing_grid_like": 34.01903845607475,
  "rho_true_mean": 1.043842077255249,
  "rho_true_std": 0.0843462198972702
}