{
  "num_total": 32,
  "num_active": 10,
  "prop_active": 0.3125,
  "num_grid_like": 7,
  "prop_grid_like_in_active": 0.7,
  "mean_spacing_grid_like": 29.87403765613484,
  "rho_true_mean": 0.882781445980072,
  "rho_true_std": 0.07825072854757309
}