{
  "num_total": 32,
  "num_active": 26,
  "prop_active": 0.8125,
  "num_grid_like": 8,
  "prop_grid_like_in_active": 0.3076923076923077,
  "mean_spacing_grid_like": 36.54936272179533,
  "rho_true_mean": 1.0412993431091309,
  "rho_true_std": 0.096674844622612
}