{
  "num_total": 32,
  "num_active": 12,
  "prop_active": 0.375,
  "num_grid_like": 10,
  "prop_grid_like_in_active": 0.8333333333333334,
  "mean_spacing_grid_like": 28.206365498585235,
  "rho_true_mean": 0.8316775560379028,
  "rho_true_std": 0.08269257843494415
}