{
  "num_total": 32,
  "num_active": 24,
  "prop_active": 0.75,
  "num_grid_like": 18,
  "prop_grid_like_in_active": 0.75,
  "mean_spacing_grid_like": 38.38453774109536,
  "rho_true_mean": 1.0330508947372437,
  "rho_true_std": 0.090647391974926
}