{
  "num_total": 32,
  "num_active": 10,
  "prop_active": 0.3125,
  "num_grid_like": 10,
  "prop_grid_like_in_active": 1.0,
  "mean_spacing_grid_like": 29.837953117218753,
  "rho_true_mean": 0.8891873955726624,
  "rho_true_std": 0.07113880664110184
}