{
  "num_total": 32,
  "num_active": 12,
  "prop_active": 0.375,
  "num_grid_like": 9,
  "prop_grid_like_in_active": 0.75,
  "mean_spacing_grid_like": 31.542912185572398,
  "rho_true_mean": 0.9511832594871521,
  "rho_true_std": 0.0829489529132843
}