{
  "num_total": 32,
  "num_active": 20,
  "prop_active": 0.625,
  "num_grid_like": 20,
  "prop_grid_like_in_active": 1.0,
  "mean_spacing_grid_like": 34.198386127159566,
  "rho_true_mean": 1.0204267501831055,
  "rho_true_std": 0.07708551734685898
}