{
  "num_total": 32,
  "num_active": 17,
  "prop_active": 0.53125,
  "num_grid_like": 7,
  "prop_grid_like_in_active": 0.4117647058823529,
  "mean_spacing_grid_like": 33.73720830832647,
  "rho_true_mean": 0.9863123297691345,
  "rho_true_std": 0.11183135956525803
}