{
  "num_total": 32,
  "num_active": 27,
  "prop_active": 0.84375,
  "num_grid_like": 27,
  "prop_grid_like_in_active": 1.0,
  "mean_spacing_grid_like": 34.512641663752675,
  "rho_true_mean": 1.1890298128128052,
  "rho_true_std": 0.10155759751796722
}