{
  "num_total": 32,
  "num_active": 26,
  "prop_active": 0.8125,
  "num_grid_like": 1,
  "prop_grid_like_in_active": 0.038461538461538464,
  "mean_spacing_grid_like": 36.47815314033978,
  "rho_true_mean": 1.032958984375,
  "rho_true_std": 0.10857617110013962
}