{
  "num_total": 32,
  "num_active": 25,
  "prop_active": 0.78125,
  "num_grid_like": 2,
  "prop_grid_like_in_active": 0.08,
  "mean_spacing_grid_like": 34.16159590085829,
  "rho_true_mean": 1.038865327835083,
  "rho_true_std": 0.10782025009393692
}