{
  "num_total": 32,
  "num_active": 24,
  "prop_active": 0.75,
  "num_grid_like": 15,
  "prop_grid_like_in_active": 0.625,
  "mean_spacing_grid_like": 38.3116034809206,
  "rho_true_mean": 1.042766809463501,
  "rho_true_std": 0.09302158653736115
}