{
  "num_total": 32,
  "num_active": 21,
  "prop_active": 0.65625,
  "num_grid_like": 13,
  "prop_grid_like_in_active": 0.6190476190476191,
  "mean_spacing_grid_like": 32.734964995671994,
  "rho_true_mean": 1.0366146564483643,
  "rho_true_std": 0.12328136712312698
}