{
  "num_total": 32,
  "num_active": 20,
  "prop_active": 0.625,
  "num_grid_like": 20,
  "prop_grid_like_in_active": 1.0,
  "mean_spacing_grid_like": 30.403336189146774,
  "rho_true_mean": 0.9062293767929077,
  "rho_true_std": 0.0585370771586895
}