{
  "num_total": 32,
  "num_active": 24,
  "prop_active": 0.75,
  "num_grid_like": 6,
  "prop_grid_like_in_active": 0.25,
  "mean_spacing_grid_like": 35.88957169637209,
  "rho_true_mean": 1.0275084972381592,
  "rho_true_std": 0.09611489623785019
}