{
  "num_total": 32,
  "num_active": 15,
  "prop_active": 0.46875,
  "num_grid_like": 13,
  "prop_grid_like_in_active": 0.8666666666666667,
  "mean_spacing_grid_like": 27.868128143925674,
  "rho_true_mean": 0.8203362226486206,
  "rho_true_std": 0.06484532356262207
}