{
  "num_total": 32,
  "num_active": 25,
  "prop_active": 0.78125,
  "num_grid_like": 4,
  "prop_grid_like_in_active": 0.16,
  "mean_spacing_grid_like": 37.24265995727257,
  "rho_true_mean": 1.0502612590789795,
  "rho_true_std": 0.08134082704782486
}