{
  "num_total": 32,
  "num_active": 11,
  "prop_active": 0.34375,
  "num_grid_like": 11,
  "prop_grid_like_in_active": 1.0,
  "mean_spacing_grid_like": 30.95194120604987,
  "rho_true_mean": 0.9028767347335815,
  "rho_true_std": 0.08950167149305344
}