{
  "num_total": 32,
  "num_active": 10,
  "prop_active": 0.3125,
  "num_grid_like": 9,
  "prop_grid_like_in_active": 0.9,
  "mean_spacing_grid_like": 30.436144162962528,
  "rho_true_mean": 0.9014966487884521,
  "rho_true_std": 0.09714977443218231
}