{
  "num_total": 32,
  "num_active": 24,
  "prop_active": 0.75,
  "num_grid_like": 24,
  "prop_grid_like_in_active": 1.0,
  "mean_spacing_grid_like": 36.53996997916132,
  "rho_true_mean": 1.0280487537384033,
  "rho_true_std": 0.09112080186605453
}