{
  "num_total": 32,
  "num_active": 10,
  "prop_active": 0.3125,
  "num_grid_like": 10,
  "prop_grid_like_in_active": 1.0,
  "mean_spacing_grid_like": 29.65623416440859,
  "rho_true_mean": 0.8836460113525391,
  "rho_true_std": 0.07233868539333344
}