{
  "num_total": 32,
  "num_active": 11,
  "prop_active": 0.34375,
  "num_grid_like": 7,
  "prop_grid_like_in_active": 0.6363636363636364,
  "mean_spacing_grid_like": 31.557629126155124,
  "rho_true_mean": 0.9228435754776001,
  "rho_true_std": 0.09233327955007553
}