{
  "num_total": 32,
  "num_active": 23,
  "prop_active": 0.71875,
  "num_grid_like": 23,
  "prop_grid_like_in_active": 1.0,
  "mean_spacing_grid_like": 34.065942113802706,
  "rho_true_mean": 1.020569086074829,
  "rho_true_std": 0.08642245829105377
}