{
  "num_total": 32,
  "num_active": 11,
  "prop_active": 0.34375,
  "num_grid_like": 9,
  "prop_grid_like_in_active": 0.8181818181818182,
  "mean_spacing_grid_like": 29.366852807737775,
  "rho_true_mean": 0.8353762030601501,
  "rho_true_std": 0.07549125701189041
}