{
  "num_total": 32,
  "num_active": 12,
  "prop_active": 0.375,
  "num_grid_like": 11,
  "prop_grid_like_in_active": 0.9166666666666666,
  "mean_spacing_grid_like": 28.16673826423964,
  "rho_true_mean": 0.8292076587677002,
  "rho_true_std": 0.08157147467136383
}