{
  "num_total": 32,
  "num_active": 16,
  "prop_active": 0.5,
  "num_grid_like": 12,
  "prop_grid_like_in_active": 0.75,
  "mean_spacing_grid_like": 34.41512336305936,
  "rho_true_mean": 1.0020196437835693,
  "rho_true_std": 0.10239624232053757
}