{
  "num_total": 32,
  "num_active": 15,
  "prop_active": 0.46875,
  "num_grid_like": 15,
  "prop_grid_like_in_active": 1.0,
  "mean_spacing_grid_like": 29.129451185219008,
  "rho_true_mean": 0.8405319452285767,
  "rho_true_std": 0.06041710451245308
}