{
  "num_total": 32,
  "num_active": 9,
  "prop_active": 0.28125,
  "num_grid_like": 9,
  "prop_grid_like_in_active": 1.0,
  "mean_spacing_grid_like": 29.214251317065735,
  "rho_true_mean": 0.8709259033203125,
  "rho_true_std": 0.09704425185918808
}