{
  "num_total": 32,
  "num_active": 25,
  "prop_active": 0.78125,
  "num_grid_like": 17,
  "prop_grid_like_in_active": 0.68,
  "mean_spacing_grid_like": 36.00419008077318,
  "rho_true_mean": 1.0450714826583862,
  "rho_true_std": 0.10577189922332764
}