{
  "num_total": 32,
  "num_active": 12,
  "prop_active": 0.375,
  "num_grid_like": 12,
  "prop_grid_like_in_active": 1.0,
  "mean_spacing_grid_like": 27.3474227833795,
  "rho_true_mean": 0.8382655382156372,
  "rho_true_std": 0.07882322371006012
}