{
  "num_total": 32,
  "num_active": 12,
  "prop_active": 0.375,
  "num_grid_like": 9,
  "prop_grid_like_in_active": 0.75,
  "mean_spacing_grid_like": 28.411971731564876,
  "rho_true_mean": 0.8566008806228638,
  "rho_true_std": 0.08027754724025726
}