{
  "num_total": 32,
  "num_active": 25,
  "prop_active": 0.78125,
  "num_grid_like": 25,
  "prop_grid_like_in_active": 1.0,
  "mean_spacing_grid_like": 32.57877356531053,
  "rho_true_mean": 0.9884034395217896,
  "rho_true_std": 0.07582040876150131
}