{
  "num_total": 32,
  "num_active": 10,
  "prop_active": 0.3125,
  "num_grid_like": 7,
  "prop_grid_like_in_active": 0.7,
  "mean_spacing_grid_like": 29.762818021595688,
  "rho_true_mean": 0.8751713633537292,
  "rho_true_std": 0.10603196918964386
}