{
  "num_total": 32,
  "num_active": 15,
  "prop_active": 0.46875,
  "num_grid_like": 15,
  "prop_grid_like_in_active": 1.0,
  "mean_spacing_grid_like": 29.279243403707778,
  "rho_true_mean": 0.8459967970848083,
  "rho_true_std": 0.0639193207025528
}