{
  "num_total": 32,
  "num_active": 17,
  "prop_active": 0.53125,
  "num_grid_like": 8,
  "prop_grid_like_in_active": 0.47058823529411764,
  "mean_spacing_grid_like": 34.64390587018089,
  "rho_true_mean": 1.0182507038116455,
  "rho_true_std": 0.09213579446077347
}