{
  "num_total": 32,
  "num_active": 16,
  "prop_active": 0.5,
  "num_grid_like": 6,
  "prop_grid_like_in_active": 0.375,
  "mean_spacing_grid_like": 34.5403495565383,
  "rho_true_mean": 1.0075228214263916,
  "rho_true_std": 0.08682489395141602
}