{
  "num_total": 32,
  "num_active": 22,
  "prop_active": 0.6875,
  "num_grid_like": 22,
  "prop_grid_like_in_active": 1.0,
  "mean_spacing_grid_like": 36.3474549928415,
  "rho_true_mean": 1.0283622741699219,
  "rho_true_std": 0.07995503395795822
}