{
  "num_total": 32,
  "num_active": 23,
  "prop_active": 0.71875,
  "num_grid_like": 4,
  "prop_grid_like_in_active": 0.17391304347826086,
  "mean_spacing_grid_like": 36.20087105346834,
  "rho_true_mean": 1.0042223930358887,
  "rho_true_std": 0.10544108599424362
}