{
  "num_total": 32,
  "num_active": 15,
  "prop_active": 0.46875,
  "num_grid_like": 15,
  "prop_grid_like_in_active": 1.0,
  "mean_spacing_grid_like": 30.975323277033148,
  "rho_true_mean": 0.9591367244720459,
  "rho_true_std": 0.09277226775884628
}