{
  "num_total": 32,
  "num_active": 23,
  "prop_active": 0.71875,
  "num_grid_like": 22,
  "prop_grid_like_in_active": 0.9565217391304348,
  "mean_spacing_grid_like": 25.00941130511983,
  "rho_true_mean": 1.6230850219726562,
  "rho_true_std": 0.18803603947162628
}