{
  "num_total": 32,
  "num_active": 23,
  "prop_active": 0.71875,
  "num_grid_like": 15,
  "prop_grid_like_in_active": 0.6521739130434783,
  "mean_spacing_grid_like": 27.878841936286975,
  "rho_true_mean": 1.48289155960083,
  "rho_true_std": 0.1792900562286377
}