{
  "num_total": 32,
  "num_active": 25,
  "prop_active": 0.78125,
  "num_grid_like": 25,
  "prop_grid_like_in_active": 1.0,
  "mean_spacing_grid_like": 29.71837912551447,
  "rho_true_mean": 1.4027128219604492,
  "rho_true_std": 0.13567841053009033
}