{
  "num_total": 32,
  "num_active": 24,
  "prop_active": 0.75,
  "num_grid_like": 3,
  "prop_grid_like_in_active": 0.125,
  "mean_spacing_grid_like": 27.572701810873426,
  "rho_true_mean": 1.6766021251678467,
  "rho_true_std": 0.334702730178833
}