{
  "num_total": 32,
  "num_active": 25,
  "prop_active": 0.78125,
  "num_grid_like": 15,
  "prop_grid_like_in_active": 0.6,
  "mean_spacing_grid_like": 31.47584312942523,
  "rho_true_mean": 1.300210952758789,
  "rho_true_std": 0.14543530344963074
}