{
  "num_total": 32,
  "num_active": 27,
  "prop_active": 0.84375,
  "num_grid_like": 26,
  "prop_grid_like_in_active": 0.9629629629629629,
  "mean_spacing_grid_like": 27.29999761268612,
  "rho_true_mean": 1.4732389450073242,
  "rho_true_std": 0.1392720490694046
}