{
  "num_total": 32,
  "num_active": 28,
  "prop_active": 0.875,
  "num_grid_like": 9,
  "prop_grid_like_in_active": 0.32142857142857145,
  "mean_spacing_grid_like": 30.05038791504707,
  "rho_true_mean": 1.2913522720336914,
  "rho_true_std": 0.1267649382352829
}