{
  "num_total": 32,
  "num_active": 26,
  "prop_active": 0.8125,
  "num_grid_like": 12,
  "prop_grid_like_in_active": 0.46153846153846156,
  "mean_spacing_grid_like": 24.531688642101432,
  "rho_true_mean": 1.5632212162017822,
  "rho_true_std": 0.21788671612739563
}