{
  "num_total": 32,
  "num_active": 28,
  "prop_active": 0.875,
  "num_grid_like": 28,
  "prop_grid_like_in_active": 1.0,
  "mean_spacing_grid_like": 26.539613442125702,
  "rho_true_mean": 1.4980344772338867,
  "rho_true_std": 0.13385772705078125
}