{
  "num_total": 32,
  "num_active": 26,
  "prop_active": 0.8125,
  "num_grid_like": 26,
  "prop_grid_like_in_active": 1.0,
  "mean_spacing_grid_like": 31.092594438008216,
  "rho_true_mean": 1.3163323402404785,
  "rho_true_std": 0.1165672093629837
}