{
  "num_total": 32,
  "num_active": 25,
  "prop_active": 0.78125,
  "num_grid_like": 17,
  "prop_grid_like_in_active": 0.68,
  "mean_spacing_grid_like": 29.000895354968833,
  "rho_true_mean": 1.4959540367126465,
  "rho_true_std": 0.1868714988231659
}