{
  "num_total": 32,
  "num_active": 21,
  "prop_active": 0.65625,
  "num_grid_like": 19,
  "prop_grid_like_in_active": 0.9047619047619048,
  "mean_spacing_grid_like": 25.025720423210217,
  "rho_true_mean": 1.6954766511917114,
  "rho_true_std": 0.2885432541370392
}