{
  "num_total": 32,
  "num_active": 20,
  "prop_active": 0.625,
  "num_grid_like": 20,
  "prop_grid_like_in_active": 1.0,
  "mean_spacing_grid_like": 26.283655166066012,
  "rho_true_mean": 1.5803031921386719,
  "rho_true_std": 0.2036738246679306
}