{
  "num_total": 32,
  "num_active": 26,
  "prop_active": 0.8125,
  "num_grid_like": 15,
  "prop_grid_like_in_active": 0.5769230769230769,
  "mean_spacing_grid_like": 30.062556871910925,
  "rho_true_mean": 1.3087091445922852,
  "rho_true_std": 0.1511983573436737
}