{
  "num_total": 32,
  "num_active": 22,
  "prop_active": 0.6875,
  "num_grid_like": 17,
  "prop_grid_like_in_active": 0.7727272727272727,
  "mean_spacing_grid_like": 24.846139970116628,
  "rho_true_mean": 1.6944656372070312,
  "rho_true_std": 0.2857545018196106
}