{
  "num_total": 32,
  "num_active": 25,
  "prop_active": 0.78125,
  "num_grid_like": 22,
  "prop_grid_like_in_active": 0.88,
  "mean_spacing_grid_like": 25.04854089352141,
  "rho_true_mean": 1.6630133390426636,
  "rho_true_std": 0.1674654632806778
}