{
  "num_total": 32,
  "num_active": 23,
  "prop_active": 0.71875,
  "num_grid_like": 7,
  "prop_grid_like_in_active": 0.30434782608695654,
  "mean_spacing_grid_like": 25.90351810614867,
  "rho_true_mean": 1.5229911804199219,
  "rho_true_std": 0.1866954267024994
}