{
  "num_total": 32,
  "num_active": 21,
  "prop_active": 0.65625,
  "num_grid_like": 17,
  "prop_grid_like_in_active": 0.8095238095238095,
  "mean_spacing_grid_like": 26.77141811822968,
  "rho_true_mean": 1.4981404542922974,
  "rho_true_std": 0.1929449737071991
}