{
  "num_total": 32,
  "num_active": 25,
  "prop_active": 0.78125,
  "num_grid_like": 15,
  "prop_grid_like_in_active": 0.6,
  "mean_spacing_grid_like": 26.062716308865124,
  "rho_true_mean": 1.6323343515396118,
  "rho_true_std": 0.22416844964027405
}