{
  "num_total": 32,
  "num_active": 25,
  "prop_active": 0.78125,
  "num_grid_like": 11,
  "prop_grid_like_in_active": 0.44,
  "mean_spacing_grid_like": 26.083260036979535,
  "rho_true_mean": 1.6549917459487915,
  "rho_true_std": 0.2551186680793762
}