{
  "num_total": 32,
  "num_active": 23,
  "prop_active": 0.71875,
  "num_grid_like": 5,
  "prop_grid_like_in_active": 0.21739130434782608,
  "mean_spacing_grid_like": 28.732892770049556,
  "rho_true_mean": 1.3274672031402588,
  "rho_true_std": 0.1561499536037445
}