{
  "num_total": 32,
  "num_active": 26,
  "prop_active": 0.8125,
  "num_grid_like": 13,
  "prop_grid_like_in_active": 0.5,
  "mean_spacing_grid_like": 25.593373137921382,
  "rho_true_mean": 1.7574050426483154,
  "rho_true_std": 0.30038967728614807
}