{
  "num_total": 32,
  "num_active": 28,
  "prop_active": 0.875,
  "num_grid_like": 28,
  "prop_grid_like_in_active": 1.0,
  "mean_spacing_grid_like": 29.738647237110335,
  "rho_true_mean": 1.3984931707382202,
  "rho_true_std": 0.12640692293643951
}