{
  "num_total": 32,
  "num_active": 26,
  "prop_active": 0.8125,
  "num_grid_like": 24,
  "prop_grid_like_in_active": 0.9230769230769231,
  "mean_spacing_grid_like": 25.365153077714535,
  "rho_true_mean": 1.6276130676269531,
  "rho_true_std": 0.1822422444820404
}