{
  "num_total": 32,
  "num_active": 21,
  "prop_active": 0.65625,
  "num_grid_like": 20,
  "prop_grid_like_in_active": 0.9523809523809523,
  "mean_spacing_grid_like": 25.6603847597612,
  "rho_true_mean": 1.6977226734161377,
  "rho_true_std": 0.24067170917987823
}