{
  "num_total": 32,
  "num_active": 26,
  "prop_active": 0.8125,
  "num_grid_like": 14,
  "prop_grid_like_in_active": 0.5384615384615384,
  "mean_spacing_grid_like": 27.335746430320285,
  "rho_true_mean": 1.5911991596221924,
  "rho_true_std": 0.21899715065956116
}