{
  "num_total": 32,
  "num_active": 24,
  "prop_active": 0.75,
  "num_grid_like": 11,
  "prop_grid_like_in_active": 0.4583333333333333,
  "mean_spacing_grid_like": 26.847684938593513,
  "rho_true_mean": 1.6390047073364258,
  "rho_true_std": 0.21252745389938354
}