{
  "num_total": 32,
  "num_active": 25,
  "prop_active": 0.78125,
  "num_grid_like": 16,
  "prop_grid_like_in_active": 0.64,
  "mean_spacing_grid_like": 31.49062143152133,
  "rho_true_mean": 1.3149802684783936,
  "rho_true_std": 0.14498469233512878
}