{
  "num_total": 32,
  "num_active": 24,
  "prop_active": 0.75,
  "num_grid_like": 15,
  "prop_grid_like_in_active": 0.625,
  "mean_spacing_grid_like": 30.00805114283728,
  "rho_true_mean": 1.4180550575256348,
  "rho_true_std": 0.183795765042305
}