{
  "num_total": 32,
  "num_active": 22,
  "prop_active": 0.6875,
  "num_grid_like": 17,
  "prop_grid_like_in_active": 0.7727272727272727,
  "mean_spacing_grid_like": 25.969479928879377,
  "rho_true_mean": 1.684948444366455,
  "rho_true_std": 0.3797077536582947
}