{
  "num_total": 32,
  "num_active": 23,
  "prop_active": 0.71875,
  "num_grid_like": 18,
  "prop_grid_like_in_active": 0.782608695652174,
  "mean_spacing_grid_like": 27.600849099100977,
  "rho_true_mean": 1.4978547096252441,
  "rho_true_std": 0.1967749297618866
}