{
  "num_total": 32,
  "num_active": 21,
  "prop_active": 0.65625,
  "num_grid_like": 21,
  "prop_grid_like_in_active": 1.0,
  "mean_spacing_grid_like": 26.3895637828849,
  "rho_true_mean": 1.5162689685821533,
  "rho_true_std": 0.17972701787948608
}