{
  "num_total": 32,
  "num_active": 28,
  "prop_active": 0.875,
  "num_grid_like": 28,
  "prop_grid_like_in_active": 1.0,
  "mean_spacing_grid_like": 30.97057507329173,
  "rho_true_mean": 1.3286420106887817,
  "rho_true_std": 0.1187291145324707
}