{
  "num_total": 32,
  "num_active": 24,
  "prop_active": 0.75,
  "num_grid_like": 18,
  "prop_grid_like_in_active": 0.75,
  "mean_spacing_grid_like": 26.879426249749795,
  "rho_true_mean": 1.5981347560882568,
  "rho_true_std": 0.22835947573184967
}