{
  "num_total": 32,
  "num_active": 24,
  "prop_active": 0.75,
  "num_grid_like": 13,
  "prop_grid_like_in_active": 0.5416666666666666,
  "mean_spacing_grid_like": 29.806225288274042,
  "rho_true_mean": 1.3966084718704224,
  "rho_true_std": 0.15709882974624634
}