{
  "num_total": 32,
  "num_active": 22,
  "prop_active": 0.6875,
  "num_grid_like": 22,
  "prop_grid_like_in_active": 1.0,
  "mean_spacing_grid_like": 25.76858680047824,
  "rho_true_mean": 1.5490837097167969,
  "rho_true_std": 0.16711843013763428
}