{
  "num_total": 32,
  "num_active": 25,
  "prop_active": 0.78125,
  "num_grid_like": 14,
  "prop_grid_like_in_active": 0.56,
  "mean_spacing_grid_like": 27.46556479156327,
  "rho_true_mean": 1.4009490013122559,
  "rho_true_std": 0.15598706901073456
}