{
  "num_total": 32,
  "num_active": 27,
  "prop_active": 0.84375,
  "num_grid_like": 15,
  "prop_grid_like_in_active": 0.5555555555555556,
  "mean_spacing_grid_like": 24.51460574546713,
  "rho_true_mean": 1.7835183143615723,
  "rho_true_std": 0.2909708619117737
}