{
  "num_total": 32,
  "num_active": 25,
  "prop_active": 0.78125,
  "num_grid_like": 18,
  "prop_grid_like_in_active": 0.72,
  "mean_spacing_grid_like": 24.8261437112804,
  "rho_true_mean": 1.7312778234481812,
  "rho_true_std": 0.2845136523246765
}