{
  "num_total": 32,
  "num_active": 29,
  "prop_active": 0.90625,
  "num_grid_like": 29,
  "prop_grid_like_in_active": 1.0,
  "mean_spacing_grid_like": 26.276877408141036,
  "rho_true_mean": 1.5686936378479004,
  "rho_true_std": 0.1535496860742569
}