{
  "num_total": 32,
  "num_active": 26,
  "prop_active": 0.8125,
  "num_grid_like": 15,
  "prop_grid_like_in_active": 0.5769230769230769,
  "mean_spacing_grid_like": 25.655242574915192,
  "rho_true_mean": 1.585824728012085,
  "rho_true_std": 0.2105296105146408
}