{
  "num_total": 32,
  "num_active": 26,
  "prop_active": 0.8125,
  "num_grid_like": 15,
  "prop_grid_like_in_active": 0.5769230769230769,
  "mean_spacing_grid_like": 26.095865528886712,
  "rho_true_mean": 1.7337671518325806,
  "rho_true_std": 0.30176955461502075
}