{
  "num_total": 32,
  "num_active": 21,
  "prop_active": 0.65625,
  "num_grid_like": 3,
  "prop_grid_like_in_active": 0.14285714285714285,
  "mean_spacing_grid_like": 26.32322714824015,
  "rho_true_mean": 1.7537380456924438,
  "rho_true_std": 0.4493301212787628
}