{
  "num_total": 32,
  "num_active": 23,
  "prop_active": 0.71875,
  "num_grid_like": 23,
  "prop_grid_like_in_active": 1.0,
  "mean_spacing_grid_like": 25.596663896716702,
  "rho_true_mean": 1.5622212886810303,
  "rho_true_std": 0.16481471061706543
}