{
  "num_total": 32,
  "num_active": 25,
  "prop_active": 0.78125,
  "num_grid_like": 21,
  "prop_grid_like_in_active": 0.84,
  "mean_spacing_grid_like": 24.683755515309443,
  "rho_true_mean": 1.7701070308685303,
  "rho_true_std": 0.28232815861701965
}