{
  "num_total": 32,
  "num_active": 25,
  "prop_active": 0.78125,
  "num_grid_like": 25,
  "prop_grid_like_in_active": 1.0,
  "mean_spacing_grid_like": 28.352561585134882,
  "rho_true_mean": 1.4890525341033936,
  "rho_true_std": 0.1391376554965973
}