{
  "num_total": 32,
  "num_active": 27,
  "prop_active": 0.84375,
  "num_grid_like": 3,
  "prop_grid_like_in_active": 0.1111111111111111,
  "mean_spacing_grid_like": 28.022933158077336,
  "rho_true_mean": 1.4745718240737915,
  "rho_true_std": 0.2438790500164032
}