{
  "num_total": 32,
  "num_active": 28,
  "prop_active": 0.875,
  "num_grid_like": 28,
  "prop_grid_like_in_active": 1.0,
  "mean_spacing_grid_like": 24.83481375065975,
  "rho_true_mean": 1.6753647327423096,
  "rho_true_std": 0.17364215850830078
}