{
  "num_total": 32,
  "num_active": 25,
  "prop_active": 0.78125,
  "num_grid_like": 17,
  "prop_grid_like_in_active": 0.68,
  "mean_spacing_grid_like": 27.392155296424757,
  "rho_true_mean": 1.5088484287261963,
  "rho_true_std": 0.18904472887516022
}