{
  "num_total": 32,
  "num_active": 25,
  "prop_active": 0.78125,
  "num_grid_like": 11,
  "prop_grid_like_in_active": 0.44,
  "mean_spacing_grid_like": 26.384557426118395,
  "rho_true_mean": 1.4724936485290527,
  "rho_true_std": 0.21191880106925964
}