{
  "num_total": 32,
  "num_active": 25,
  "prop_active": 0.78125,
  "num_grid_like": 25,
  "prop_grid_like_in_active": 1.0,
  "mean_spacing_grid_like": 24.93576086118005,
  "rho_true_mean": 1.6099610328674316,
  "rho_true_std": 0.15554875135421753
}