{
  "num_total": 32,
  "num_active": 24,
  "prop_active": 0.75,
  "num_grid_like": 18,
  "prop_grid_like_in_active": 0.75,
  "mean_spacing_grid_like": 29.337696432981076,
  "rho_true_mean": 1.4363024234771729,
  "rho_true_std": 0.1675199270248413
}