{
  "num_total": 32,
  "num_active": 26,
  "prop_active": 0.8125,
  "num_grid_like": 13,
  "prop_grid_like_in_active": 0.5,
  "mean_spacing_grid_like": 26.73769867630459,
  "rho_true_mean": 1.7138159275054932,
  "rho_true_std": 0.2742116451263428
}