{
  "num_total": 32,
  "num_active": 27,
  "prop_active": 0.84375,
  "num_grid_like": 27,
  "prop_grid_like_in_active": 1.0,
  "mean_spacing_grid_like": 31.825214791699995,
  "rho_true_mean": 1.2911059856414795,
  "rho_true_std": 0.11621063947677612
}