{
  "num_total": 32,
  "num_active": 28,
  "prop_active": 0.875,
  "num_grid_like": 28,
  "prop_grid_like_in_active": 1.0,
  "mean_spacing_grid_like": 25.322236898694175,
  "rho_true_mean": 1.7192564010620117,
  "rho_true_std": 0.20654965937137604
}