{
  "num_total": 32,
  "num_active": 23,
  "prop_active": 0.71875,
  "num_grid_like": 23,
  "prop_grid_like_in_active": 1.0,
  "mean_spacing_grid_like": 25.55551011691591,
  "rho_true_mean": 1.5723774433135986,
  "rho_true_std": 0.18546544015407562
}