{
  "num_total": 32,
  "num_active": 28,
  "prop_active": 0.875,
  "num_grid_like": 12,
  "prop_grid_like_in_active": 0.42857142857142855,
  "mean_spacing_grid_like": 25.219673640260808,
  "rho_true_mean": 1.6960762739181519,
  "rho_true_std": 0.27538982033729553
}