{
  "num_total": 32,
  "num_active": 25,
  "prop_active": 0.78125,
  "num_grid_like": 7,
  "prop_grid_like_in_active": 0.28,
  "mean_spacing_grid_like": 27.03657935040258,
  "rho_true_mean": 1.6012425422668457,
  "rho_true_std": 0.3384276032447815
}