{
  "num_total": 32,
  "num_active": 25,
  "prop_active": 0.78125,
  "num_grid_like": 10,
  "prop_grid_like_in_active": 0.4,
  "mean_spacing_grid_like": 25.534513038295266,
  "rho_true_mean": 1.7068742513656616,
  "rho_true_std": 0.31614333391189575
}