{
  "num_total": 32,
  "num_active": 23,
  "prop_active": 0.71875,
  "num_grid_like": 19,
  "prop_grid_like_in_active": 0.8260869565217391,
  "mean_spacing_grid_like": 24.676369126222454,
  "rho_true_mean": 1.6881392002105713,
  "rho_true_std": 0.26333117485046387
}