{
  "num_total": 32,
  "num_active": 28,
  "prop_active": 0.875,
  "num_grid_like": 9,
  "prop_grid_like_in_active": 0.32142857142857145,
  "mean_spacing_grid_like": 26.318455696697075,
  "rho_true_mean": 1.6921522617340088,
  "rho_true_std": 0.2851116955280304
}