{
  "num_total": 32,
  "num_active": 25,
  "prop_active": 0.78125,
  "num_grid_like": 25,
  "prop_grid_like_in_active": 1.0,
  "mean_spacing_grid_like": 30.58251628198587,
  "rho_true_mean": 1.298055648803711,
  "rho_true_std": 0.1209121122956276
}