{
  "num_total": 32,
  "num_active": 27,
  "prop_active": 0.84375,
  "num_grid_like": 12,
  "prop_grid_like_in_active": 0.4444444444444444,
  "mean_spacing_grid_like": 28.191928649737946,
  "rho_true_mean": 1.4009461402893066,
  "rho_true_std": 0.17419783771038055
}