{
  "num_total": 32,
  "num_active": 22,
  "prop_active": 0.6875,
  "num_grid_like": 14,
  "prop_grid_like_in_active": 0.6363636363636364,
  "mean_spacing_grid_like": 29.516403248123613,
  "rho_true_mean": 1.4326972961425781,
  "rho_true_std": 0.1922009438276291
}