{
  "num_total": 32,
  "num_active": 21,
  "prop_active": 0.65625,
  "num_grid_like": 1,
  "prop_grid_like_in_active": 0.047619047619047616,
  "mean_spacing_grid_like": 26.289355859272735,
  "rho_true_mean": 1.6595114469528198,
  "rho_true_std": 0.3981800675392151
}