{
  "num_total": 32,
  "num_active": 21,
  "prop_active": 0.65625,
  "num_grid_like": 16,
  "prop_grid_like_in_active": 0.7619047619047619,
  "mean_spacing_grid_like": 25.247963967644225,
  "rho_true_mean": 1.730431318283081,
  "rho_true_std": 0.26687973737716675
}