{
  "num_total": 32,
  "num_active": 25,
  "prop_active": 0.78125,
  "num_grid_like": 7,
  "prop_grid_like_in_active": 0.28,
  "mean_spacing_grid_like": 31.027622572214955,
  "rho_true_mean": 1.2998573780059814,
  "rho_true_std": 0.15084128081798553
}