{
  "num_total": 32,
  "num_active": 23,
  "prop_active": 0.71875,
  "num_grid_like": 12,
  "prop_grid_like_in_active": 0.5217391304347826,
  "mean_spacing_grid_like": 31.15288981626558,
  "rho_true_mean": 1.3084313869476318,
  "rho_true_std": 0.147124245762825
}