{
  "num_total": 32,
  "num_active": 25,
  "prop_active": 0.78125,
  "num_grid_like": 24,
  "prop_grid_like_in_active": 0.96,
  "mean_spacing_grid_like": 24.804665927893733,
  "rho_true_mean": 1.7339832782745361,
  "rho_true_std": 0.2059372067451477
}