{
  "num_total": 32,
  "num_active": 25,
  "prop_active": 0.78125,
  "num_grid_like": 25,
  "prop_grid_like_in_active": 1.0,
  "mean_spacing_grid_like": 29.17858527829475,
  "rho_true_mean": 1.4030442237854004,
  "rho_true_std": 0.1316128969192505
}