{
  "num_total": 32,
  "num_active": 24,
  "prop_active": 0.75,
  "num_grid_like": 24,
  "prop_grid_like_in_active": 1.0,
  "mean_spacing_grid_like": 31.99592608606495,
  "rho_true_mean": 1.299561858177185,
  "rho_true_std": 0.12565281987190247
}