{
  "num_total": 32,
  "num_active": 21,
  "prop_active": 0.65625,
  "num_grid_like": 2,
  "prop_grid_like_in_active": 0.09523809523809523,
  "mean_spacing_grid_like": 26.328422253781227,
  "rho_true_mean": 1.7777624130249023,
  "rho_true_std": 0.46953439712524414
}