{
  "num_total": 32,
  "num_active": 25,
  "prop_active": 0.78125,
  "num_grid_like": 17,
  "prop_grid_like_in_active": 0.68,
  "mean_spacing_grid_like": 24.990979316910106,
  "rho_true_mean": 1.547537088394165,
  "rho_true_std": 0.2131972461938858
}