{
  "num_total": 32,
  "num_active": 22,
  "prop_active": 0.6875,
  "num_grid_like": 20,
  "prop_grid_like_in_active": 0.9090909090909091,
  "mean_spacing_grid_like": 27.374419761077906,
  "rho_true_mean": 1.5090038776397705,
  "rho_true_std": 0.19626730680465698
}