{
  "num_total": 32,
  "num_active": 26,
  "prop_active": 0.8125,
  "num_grid_like": 11,
  "prop_grid_like_in_active": 0.4230769230769231,
  "mean_spacing_grid_like": 29.476788422148594,
  "rho_true_mean": 1.4081186056137085,
  "rho_true_std": 0.16002091765403748
}