{
  "num_total": 32,
  "num_active": 24,
  "prop_active": 0.75,
  "num_grid_like": 22,
  "prop_grid_like_in_active": 0.9166666666666666,
  "mean_spacing_grid_like": 24.849718079599494,
  "rho_true_mean": 1.8077120780944824,
  "rho_true_std": 0.4738689363002777
}