{
  "num_total": 32,
  "num_active": 25,
  "prop_active": 0.78125,
  "num_grid_like": 14,
  "prop_grid_like_in_active": 0.56,
  "mean_spacing_grid_like": 26.007637152993635,
  "rho_true_mean": 1.586052417755127,
  "rho_true_std": 0.20414213836193085
}