{
  "num_total": 32,
  "num_active": 24,
  "prop_active": 0.75,
  "num_grid_like": 24,
  "prop_grid_like_in_active": 1.0,
  "mean_spacing_grid_like": 26.03867989099651,
  "rho_true_mean": 1.5606889724731445,
  "rho_true_std": 0.1702093631029129
}