{
  "num_total": 32,
  "num_active": 23,
  "prop_active": 0.71875,
  "num_grid_like": 21,
  "prop_grid_like_in_active": 0.9130434782608695,
  "mean_spacing_grid_like": 28.19086670118154,
  "rho_true_mean": 1.4228054285049438,
  "rho_true_std": 0.16733752191066742
}