{
  "num_total": 32,
  "num_active": 25,
  "prop_active": 0.78125,
  "num_grid_like": 25,
  "prop_grid_like_in_active": 1.0,
  "mean_spacing_grid_like": 30.58243213467066,
  "rho_true_mean": 1.3193035125732422,
  "rho_true_std": 0.1250462830066681
}