{
  "num_total": 32,
  "num_active": 26,
  "prop_active": 0.8125,
  "num_grid_like": 26,
  "prop_grid_like_in_active": 1.0,
  "mean_spacing_grid_like": 25.234010764990597,
  "rho_true_mean": 1.7234482765197754,
  "rho_true_std": 0.2072920948266983
}