{
  "num_total": 32,
  "num_active": 26,
  "prop_active": 0.8125,
  "num_grid_like": 25,
  "prop_grid_like_in_active": 0.9615384615384616,
  "mean_spacing_grid_like": 25.058153703379972,
  "rho_true_mean": 1.616304636001587,
  "rho_true_std": 0.18093420565128326
}