{
  "num_total": 32,
  "num_active": 29,
  "prop_active": 0.90625,
  "num_grid_like": 28,
  "prop_grid_like_in_active": 0.9655172413793104,
  "mean_spacing_grid_like": 24.834579396616967,
  "rho_true_mean": 1.656954050064087,
  "rho_true_std": 0.184708371758461
}