{
  "num_total": 32,
  "num_active": 21,
  "prop_active": 0.65625,
  "num_grid_like": 0,
  "prop_grid_like_in_active": 0.0,
  "mean_spacing_grid_like": 0.0,
  "rho_true_mean": 0.17981791496276855,
  "rho_true_std": 0.08784136921167374
}