{
  "num_total": 32,
  "num_active": 28,
  "prop_active": 0.875,
  "num_grid_like": 13,
  "prop_grid_like_in_active": 0.4642857142857143,
  "mean_spacing_grid_like": 24.62875733499997,
  "rho_true_mean": 1.7425270080566406,
  "rho_true_std": 0.34265607595443726
}