{
  "num_total": 32,
  "num_active": 26,
  "prop_active": 0.8125,
  "num_grid_like": 16,
  "prop_grid_like_in_active": 0.6153846153846154,
  "mean_spacing_grid_like": 25.07043625262535,
  "rho_true_mean": 1.5586512088775635,
  "rho_true_std": 0.20963935554027557
}