{
  "num_total": 32,
  "num_active": 26,
  "prop_active": 0.8125,
  "num_grid_like": 13,
  "prop_grid_like_in_active": 0.5,
  "mean_spacing_grid_like": 26.651480197511695,
  "rho_true_mean": 1.64339017868042,
  "rho_true_std": 0.24200637638568878
}