{
  "num_total": 32,
  "num_active": 23,
  "prop_active": 0.71875,
  "num_grid_like": 14,
  "prop_grid_like_in_active": 0.6086956521739131,
  "mean_spacing_grid_like": 25.780580837007275,
  "rho_true_mean": 1.610496997833252,
  "rho_true_std": 0.2294456958770752
}