{
  "num_total": 32,
  "num_active": 27,
  "prop_active": 0.84375,
  "num_grid_like": 25,
  "prop_grid_like_in_active": 0.9259259259259259,
  "mean_spacing_grid_like": 25.67490582126187,
  "rho_true_mean": 1.712491750717163,
  "rho_true_std": 0.19913841784000397
}