{
  "num_total": 32,
  "num_active": 22,
  "prop_active": 0.6875,
  "num_grid_like": 22,
  "prop_grid_like_in_active": 1.0,
  "mean_spacing_grid_like": 30.11021065850084,
  "rho_true_mean": 1.41130530834198,
  "rho_true_std": 0.14531300961971283
}