{
  "num_total": 32,
  "num_active": 25,
  "prop_active": 0.78125,
  "num_grid_like": 15,
  "prop_grid_like_in_active": 0.6,
  "mean_spacing_grid_like": 30.76556751183394,
  "rho_true_mean": 1.3091397285461426,
  "rho_true_std": 0.15581440925598145
}