{
  "num_total": 32,
  "num_active": 26,
  "prop_active": 0.8125,
  "num_grid_like": 14,
  "prop_grid_like_in_active": 0.5384615384615384,
  "mean_spacing_grid_like": 29.362266775302224,
  "rho_true_mean": 1.4016287326812744,
  "rho_true_std": 0.1506778448820114
}