{
  "num_total": 32,
  "num_active": 26,
  "prop_active": 0.8125,
  "num_grid_like": 26,
  "prop_grid_like_in_active": 1.0,
  "mean_spacing_grid_like": 25.051082105295016,
  "rho_true_mean": 1.6912293434143066,
  "rho_true_std": 0.18983297049999237
}