{
  "num_total": 32,
  "num_active": 28,
  "prop_active": 0.875,
  "num_grid_like": 28,
  "prop_grid_like_in_active": 1.0,
  "mean_spacing_grid_like": 26.807382397330777,
  "rho_true_mean": 1.60282564163208,
  "rho_true_std": 0.17457984387874603
}