{
  "num_total": 32,
  "num_active": 16,
  "prop_active": 0.5,
  "num_grid_like": 12,
  "prop_grid_like_in_active": 0.75,
  "mean_spacing_grid_like": 32.82159437107781,
  "rho_true_mean": 0.9797277450561523,
  "rho_true_std": 0.09406284242868423
}