{
  "num_total": 32,
  "num_active": 15,
  "prop_active": 0.46875,
  "num_grid_like": 15,
  "prop_grid_like_in_active": 1.0,
  "mean_spacing_grid_like": 31.840814548485913,
  "rho_true_mean": 0.9509907364845276,
  "rho_true_std": 0.09004835784435272
}