{
  "num_total": 32,
  "num_active": 12,
  "prop_active": 0.375,
  "num_grid_like": 12,
  "prop_grid_like_in_active": 1.0,
  "mean_spacing_grid_like": 30.25941818326956,
  "rho_true_mean": 0.8720975518226624,
  "rho_true_std": 0.06537029892206192
}