{
  "num_total": 32,
  "num_active": 25,
  "prop_active": 0.78125,
  "num_grid_like": 3,
  "prop_grid_like_in_active": 0.12,
  "mean_spacing_grid_like": 36.393951960963875,
  "rho_true_mean": 1.020007610321045,
  "rho_true_std": 0.09908328205347061
}