{
  "num_total": 32,
  "num_active": 12,
  "prop_active": 0.375,
  "num_grid_like": 10,
  "prop_grid_like_in_active": 0.8333333333333334,
  "mean_spacing_grid_like": 28.94122619071511,
  "rho_true_mean": 0.8495274186134338,
  "rho_true_std": 0.07778824120759964
}