{
  "num_total": 32,
  "num_active": 13,
  "prop_active": 0.40625,
  "num_grid_like": 11,
  "prop_grid_like_in_active": 0.8461538461538461,
  "mean_spacing_grid_like": 32.48882902739711,
  "rho_true_mean": 0.99196457862854,
  "rho_true_std": 0.08820029348134995
}