{
  "num_total": 32,
  "num_active": 12,
  "prop_active": 0.375,
  "num_grid_like": 12,
  "prop_grid_like_in_active": 1.0,
  "mean_spacing_grid_like": 28.543857865180048,
  "rho_true_mean": 0.8294792175292969,
  "rho_true_std": 0.06038017198443413
}