{
  "num_total": 32,
  "num_active": 25,
  "prop_active": 0.78125,
  "num_grid_like": 25,
  "prop_grid_like_in_active": 1.0,
  "mean_spacing_grid_like": 36.690147080710716,
  "rho_true_mean": 1.0336111783981323,
  "rho_true_std": 0.0917571485042572
}