{
  "num_total": 32,
  "num_active": 28,
  "prop_active": 0.875,
  "num_grid_like": 6,
  "prop_grid_like_in_active": 0.21428571428571427,
  "mean_spacing_grid_like": 35.04855871285813,
  "rho_true_mean": 1.0573601722717285,
  "rho_true_std": 0.10286802053451538
}