{
  "num_total": 32,
  "num_active": 25,
  "prop_active": 0.78125,
  "num_grid_like": 3,
  "prop_grid_like_in_active": 0.12,
  "mean_spacing_grid_like": 36.91798154420669,
  "rho_true_mean": 1.0486819744110107,
  "rho_true_std": 0.10122224688529968
}