{
  "num_total": 32,
  "num_active": 26,
  "prop_active": 0.8125,
  "num_grid_like": 5,
  "prop_grid_like_in_active": 0.19230769230769232,
  "mean_spacing_grid_like": 33.7744704558219,
  "rho_true_mean": 1.1757495403289795,
  "rho_true_std": 0.11736632883548737
}