{
  "num_total": 32,
  "num_active": 16,
  "prop_active": 0.5,
  "num_grid_like": 7,
  "prop_grid_like_in_active": 0.4375,
  "mean_spacing_grid_like": 32.843664796860836,
  "rho_true_mean": 0.9688589572906494,
  "rho_true_std": 0.08838867396116257
}