{
  "num_total": 32,
  "num_active": 13,
  "prop_active": 0.40625,
  "num_grid_like": 13,
  "prop_grid_like_in_active": 1.0,
  "mean_spacing_grid_like": 29.727628123014046,
  "rho_true_mean": 0.8716620802879333,
  "rho_true_std": 0.06467897444963455
}