{
  "num_total": 32,
  "num_active": 18,
  "prop_active": 0.5625,
  "num_grid_like": 18,
  "prop_grid_like_in_active": 1.0,
  "mean_spacing_grid_like": 30.14389176230876,
  "rho_true_mean": 0.8829071521759033,
  "rho_true_std": 0.08403336256742477
}