{
  "num_total": 32,
  "num_active": 12,
  "prop_active": 0.375,
  "num_grid_like": 11,
  "prop_grid_like_in_active": 0.9166666666666666,
  "mean_spacing_grid_like": 29.737715492132143,
  "rho_true_mean": 0.890518069267273,
  "rho_true_std": 0.08160199970006943
}