{
  "num_total": 32,
  "num_active": 22,
  "prop_active": 0.6875,
  "num_grid_like": 9,
  "prop_grid_like_in_active": 0.4090909090909091,
  "mean_spacing_grid_like": 34.453066127906304,
  "rho_true_mean": 1.02980375289917,
  "rho_true_std": 0.096323162317276
}