{
  "num_total": 32,
  "num_active": 14,
  "prop_active": 0.4375,
  "num_grid_like": 11,
  "prop_grid_like_in_active": 0.7857142857142857,
  "mean_spacing_grid_like": 32.18668367033262,
  "rho_true_mean": 0.9410301446914673,
  "rho_true_std": 0.07590770721435547
}