{
  "num_total": 32,
  "num_active": 25,
  "prop_active": 0.78125,
  "num_grid_like": 2,
  "prop_grid_like_in_active": 0.08,
  "mean_spacing_grid_like": 33.37335393243541,
  "rho_true_mean": 1.0584678649902344,
  "rho_true_std": 0.10519760847091675
}