{
  "num_total": 32,
  "num_active": 16,
  "prop_active": 0.5,
  "num_grid_like": 16,
  "prop_grid_like_in_active": 1.0,
  "mean_spacing_grid_like": 32.06075505802727,
  "rho_true_mean": 0.9326772689819336,
  "rho_true_std": 0.07150518894195557
}