{
  "num_total": 32,
  "num_active": 12,
  "prop_active": 0.375,
  "num_grid_like": 10,
  "prop_grid_like_in_active": 0.8333333333333334,
  "mean_spacing_grid_like": 31.075584189260184,
  "rho_true_mean": 0.9127473831176758,
  "rho_true_std": 0.07732253521680832
}