{
  "num_total": 32,
  "num_active": 26,
  "prop_active": 0.8125,
  "num_grid_like": 4,
  "prop_grid_like_in_active": 0.15384615384615385,
  "mean_spacing_grid_like": 35.736890970677216,
  "rho_true_mean": 1.0430514812469482,
  "rho_true_std": 0.09659824520349503
}