{
  "num_total": 32,
  "num_active": 12,
  "prop_active": 0.375,
  "num_grid_like": 11,
  "prop_grid_like_in_active": 0.9166666666666666,
  "mean_spacing_grid_like": 30.925395986846603,
  "rho_true_mean": 0.915493369102478,
  "rho_true_std": 0.07622403651475906
}