{
  "num_total": 32,
  "num_active": 22,
  "prop_active": 0.6875,
  "num_grid_like": 22,
  "prop_grid_like_in_active": 1.0,
  "mean_spacing_grid_like": 33.98288623596891,
  "rho_true_mean": 1.0115365982055664,
  "rho_true_std": 0.08787942677736282
}