{
  "num_total": 32,
  "num_active": 22,
  "prop_active": 0.6875,
  "num_grid_like": 22,
  "prop_grid_like_in_active": 1.0,
  "mean_spacing_grid_like": 33.57619477867095,
  "rho_true_mean": 1.1988073587417603,
  "rho_true_std": 0.109633669257164
}