{
  "num_total": 32,
  "num_active": 12,
  "prop_active": 0.375,
  "num_grid_like": 10,
  "prop_grid_like_in_active": 0.8333333333333334,
  "mean_spacing_grid_like": 32.04632689395769,
  "rho_true_mean": 0.949372410774231,
  "rho_true_std": 0.07328520715236664
}