{
  "num_total": 32,
  "num_active": 14,
  "prop_active": 0.4375,
  "num_grid_like": 14,
  "prop_grid_like_in_active": 1.0,
  "mean_spacing_grid_like": 30.043471781713794,
  "rho_true_mean": 0.8765836954116821,
  "rho_true_std": 0.06268306076526642
}