{
  "num_total": 32,
  "num_active": 11,
  "prop_active": 0.34375,
  "num_grid_like": 11,
  "prop_grid_like_in_active": 1.0,
  "mean_spacing_grid_like": 29.057921357905546,
  "rho_true_mean": 0.8018942475318909,
  "rho_true_std": 0.07478102296590805
}