{
  "num_total": 32,
  "num_active": 25,
  "prop_active": 0.78125,
  "num_grid_like": 25,
  "prop_grid_like_in_active": 1.0,
  "mean_spacing_grid_like": 34.11731148766892,
  "rho_true_mean": 1.0075340270996094,
  "rho_true_std": 0.08464773744344711
}