{
  "num_total": 32,
  "num_active": 22,
  "prop_active": 0.6875,
  "num_grid_like": 3,
  "prop_grid_like_in_active": 0.13636363636363635,
  "mean_spacing_grid_like": 35.93333664998861,
  "rho_true_mean": 0.9983854293823242,
  "rho_true_std": 0.09195081144571304
}