{
  "num_total": 32,
  "num_active": 20,
  "prop_active": 0.625,
  "num_grid_like": 3,
  "prop_grid_like_in_active": 0.15,
  "mean_spacing_grid_like": 36.20578898422147,
  "rho_true_mean": 0.9920808672904968,
  "rho_true_std": 0.11169212311506271
}