{
  "num_total": 32,
  "num_active": 22,
  "prop_active": 0.6875,
  "num_grid_like": 6,
  "prop_grid_like_in_active": 0.2727272727272727,
  "mean_spacing_grid_like": 35.12971749941434,
  "rho_true_mean": 1.026020884513855,
  "rho_true_std": 0.10307434946298599
}