{
  "num_total": 32,
  "num_active": 12,
  "prop_active": 0.375,
  "num_grid_like": 12,
  "prop_grid_like_in_active": 1.0,
  "mean_spacing_grid_like": 30.264028290044084,
  "rho_true_mean": 0.891067385673523,
  "rho_true_std": 0.06812676787376404
}