{
  "num_total": 32,
  "num_active": 26,
  "prop_active": 0.8125,
  "num_grid_like": 26,
  "prop_grid_like_in_active": 1.0,
  "mean_spacing_grid_like": 36.56860414323974,
  "rho_true_mean": 1.0340948104858398,
  "rho_true_std": 0.08815663307905197
}