{
  "num_total": 32,
  "num_active": 11,
  "prop_active": 0.34375,
  "num_grid_like": 11,
  "prop_grid_like_in_active": 1.0,
  "mean_spacing_grid_like": 30.38389179565476,
  "rho_true_mean": 0.9280864596366882,
  "rho_true_std": 0.08919475972652435
}