{
  "num_total": 32,
  "num_active": 12,
  "prop_active": 0.375,
  "num_grid_like": 12,
  "prop_grid_like_in_active": 1.0,
  "mean_spacing_grid_like": 28.295609787012495,
  "rho_true_mean": 0.8441849946975708,
  "rho_true_std": 0.06524863839149475
}