{
  "num_total": 32,
  "num_active": 10,
  "prop_active": 0.3125,
  "num_grid_like": 10,
  "prop_grid_like_in_active": 1.0,
  "mean_spacing_grid_like": 28.994603584808186,
  "rho_true_mean": 0.8578054904937744,
  "rho_true_std": 0.0860183909535408
}