{
  "num_total": 32,
  "num_active": 11,
  "prop_active": 0.34375,
  "num_grid_like": 3,
  "prop_grid_like_in_active": 0.2727272727272727,
  "mean_spacing_grid_like": 30.791759791201667,
  "rho_true_mean": 0.9018696546554565,
  "rho_true_std": 0.1056768000125885
}