{
  "num_total": 32,
  "num_active": 17,
  "prop_active": 0.53125,
  "num_grid_like": 5,
  "prop_grid_like_in_active": 0.29411764705882354,
  "mean_spacing_grid_like": 34.129342868181325,
  "rho_true_mean": 0.972960352897644,
  "rho_true_std": 0.1004304513335228
}