{
  "num_total": 32,
  "num_active": 28,
  "prop_active": 0.875,
  "num_grid_like": 28,
  "prop_grid_like_in_active": 1.0,
  "mean_spacing_grid_like": 36.06477898367028,
  "rho_true_mean": 1.0422353744506836,
  "rho_true_std": 0.078209288418293
}