{
  "num_total": 32,
  "num_active": 14,
  "prop_active": 0.4375,
  "num_grid_like": 11,
  "prop_grid_like_in_active": 0.7857142857142857,
  "mean_spacing_grid_like": 32.44782415053164,
  "rho_true_mean": 0.9645986557006836,
  "rho_true_std": 0.08932329714298248
}