{
  "num_total": 32,
  "num_active": 14,
  "prop_active": 0.4375,
  "num_grid_like": 13,
  "prop_grid_like_in_active": 0.9285714285714286,
  "mean_spacing_grid_like": 32.944227768204776,
  "rho_true_mean": 0.981310248374939,
  "rho_true_std": 0.08704803884029388
}