{
  "num_total": 32,
  "num_active": 24,
  "prop_active": 0.75,
  "num_grid_like": 16,
  "prop_grid_like_in_active": 0.6666666666666666,
  "mean_spacing_grid_like": 37.867612846820776,
  "rho_true_mean": 1.0397251844406128,
  "rho_true_std": 0.0890674814581871
}