{
  "num_total": 32,
  "num_active": 22,
  "prop_active": 0.6875,
  "num_grid_like": 2,
  "prop_grid_like_in_active": 0.09090909090909091,
  "mean_spacing_grid_like": 34.3895086897805,
  "rho_true_mean": 1.2553151845932007,
  "rho_true_std": 0.29696032404899597
}