{
  "num_total": 32,
  "num_active": 26,
  "prop_active": 0.8125,
  "num_grid_like": 26,
  "prop_grid_like_in_active": 1.0,
  "mean_spacing_grid_like": 34.26383335051644,
  "rho_true_mean": 1.1902590990066528,
  "rho_true_std": 0.10060826689004898
}