{
  "num_total": 32,
  "num_active": 16,
  "prop_active": 0.5,
  "num_grid_like": 8,
  "prop_grid_like_in_active": 0.5,
  "mean_spacing_grid_like": 34.4290414619534,
  "rho_true_mean": 1.0194951295852661,
  "rho_true_std": 0.09226884692907333
}