{
  "num_total": 32,
  "num_active": 17,
  "prop_active": 0.53125,
  "num_grid_like": 17,
  "prop_grid_like_in_active": 1.0,
  "mean_spacing_grid_like": 30.09612108947682,
  "rho_true_mean": 0.891014039516449,
  "rho_true_std": 0.06761672347784042
}