{
  "num_total": 32,
  "num_active": 13,
  "prop_active": 0.40625,
  "num_grid_like": 10,
  "prop_grid_like_in_active": 0.7692307692307693,
  "mean_spacing_grid_like": 27.77913659759177,
  "rho_true_mean": 0.8200756311416626,
  "rho_true_std": 0.06368634104728699
}