{
  "num_total": 32,
  "num_active": 10,
  "prop_active": 0.3125,
  "num_grid_like": 8,
  "prop_grid_like_in_active": 0.8,
  "mean_spacing_grid_like": 27.77904030495292,
  "rho_true_mean": 0.8307558298110962,
  "rho_true_std": 0.07236768305301666
}