{
  "num_total": 32,
  "num_active": 27,
  "prop_active": 0.84375,
  "num_grid_like": 7,
  "prop_grid_like_in_active": 0.25925925925925924,
  "mean_spacing_grid_like": 36.13682294863377,
  "rho_true_mean": 1.034346580505371,
  "rho_true_std": 0.09589378535747528
}