{
  "num_total": 32,
  "num_active": 25,
  "prop_active": 0.78125,
  "num_grid_like": 11,
  "prop_grid_like_in_active": 0.44,
  "mean_spacing_grid_like": 34.95385501877096,
  "rho_true_mean": 1.012634038925171,
  "rho_true_std": 0.09258244931697845
}