{
  "num_total": 32,
  "num_active": 11,
  "prop_active": 0.34375,
  "num_grid_like": 9,
  "prop_grid_like_in_active": 0.8181818181818182,
  "mean_spacing_grid_like": 30.101782029566365,
  "rho_true_mean": 0.8815106749534607,
  "rho_true_std": 0.08139627426862717
}