{
  "num_total": 32,
  "num_active": 26,
  "prop_active": 0.8125,
  "num_grid_like": 3,
  "prop_grid_like_in_active": 0.11538461538461539,
  "mean_spacing_grid_like": 36.932859486906175,
  "rho_true_mean": 1.028572678565979,
  "rho_true_std": 0.09136444330215454
}