{
  "num_total": 32,
  "num_active": 13,
  "prop_active": 0.40625,
  "num_grid_like": 13,
  "prop_grid_like_in_active": 1.0,
  "mean_spacing_grid_like": 31.799227858744068,
  "rho_true_mean": 0.946923017501831,
  "rho_true_std": 0.0861406996846199
}