{
  "num_total": 32,
  "num_active": 9,
  "prop_active": 0.28125,
  "num_grid_like": 5,
  "prop_grid_like_in_active": 0.5555555555555556,
  "mean_spacing_grid_like": 29.192000764768785,
  "rho_true_mean": 0.8441848754882812,
  "rho_true_std": 0.08933431655168533
}