{
  "num_total": 32,
  "num_active": 18,
  "prop_active": 0.5625,
  "num_grid_like": 14,
  "prop_grid_like_in_active": 0.7777777777777778,
  "mean_spacing_grid_like": 34.134812408264494,
  "rho_true_mean": 1.0187630653381348,
  "rho_true_std": 0.10314731299877167
}