{
  "num_total": 32,
  "num_active": 25,
  "prop_active": 0.78125,
  "num_grid_like": 3,
  "prop_grid_like_in_active": 0.12,
  "mean_spacing_grid_like": 36.13835057848664,
  "rho_true_mean": 1.0410964488983154,
  "rho_true_std": 0.09570323675870895
}