{
  "num_total": 32,
  "num_active": 25,
  "prop_active": 0.78125,
  "num_grid_like": 25,
  "prop_grid_like_in_active": 1.0,
  "mean_spacing_grid_like": 36.58935859844107,
  "rho_true_mean": 1.0358400344848633,
  "rho_true_std": 0.08554001152515411
}