{
  "num_total": 32,
  "num_active": 19,
  "prop_active": 0.59375,
  "num_grid_like": 14,
  "prop_grid_like_in_active": 0.7368421052631579,
  "mean_spacing_grid_like": 33.963440399283215,
  "rho_true_mean": 1.0181810855865479,
  "rho_true_std": 0.09265994280576706
}