{
  "num_total": 32,
  "num_active": 15,
  "prop_active": 0.46875,
  "num_grid_like": 15,
  "prop_grid_like_in_active": 1.0,
  "mean_spacing_grid_like": 29.205577855092937,
  "rho_true_mean": 0.8533540964126587,
  "rho_true_std": 0.06783715635538101
}