{
  "num_total": 32,
  "num_active": 12,
  "prop_active": 0.375,
  "num_grid_like": 12,
  "prop_grid_like_in_active": 1.0,
  "mean_spacing_grid_like": 27.008173471778864,
  "rho_true_mean": 0.832771360874176,
  "rho_true_std": 0.07857911288738251
}