{
  "num_total": 32,
  "num_active": 16,
  "prop_active": 0.5,
  "num_grid_like": 3,
  "prop_grid_like_in_active": 0.1875,
  "mean_spacing_grid_like": 34.52326428853819,
  "rho_true_mean": 0.9685683250427246,
  "rho_true_std": 0.12138937413692474
}