{
  "num_total": 32,
  "num_active": 14,
  "prop_active": 0.4375,
  "num_grid_like": 14,
  "prop_grid_like_in_active": 1.0,
  "mean_spacing_grid_like": 28.351239198489484,
  "rho_true_mean": 0.8449881672859192,
  "rho_true_std": 0.07119251787662506
}