{
  "num_total": 32,
  "num_active": 15,
  "prop_active": 0.46875,
  "num_grid_like": 10,
  "prop_grid_like_in_active": 0.6666666666666666,
  "mean_spacing_grid_like": 32.85101653423947,
  "rho_true_mean": 0.9902236461639404,
  "rho_true_std": 0.08346813917160034
}