{
  "num_total": 32,
  "num_active": 15,
  "prop_active": 0.46875,
  "num_grid_like": 7,
  "prop_grid_like_in_active": 0.4666666666666667,
  "mean_spacing_grid_like": 33.297696191231815,
  "rho_true_mean": 0.943038821220398,
  "rho_true_std": 0.09161441028118134
}