{
  "num_total": 32,
  "num_active": 11,
  "prop_active": 0.34375,
  "num_grid_like": 9,
  "prop_grid_like_in_active": 0.8181818181818182,
  "mean_spacing_grid_like": 29.28707182989373,
  "rho_true_mean": 0.8360841274261475,
  "rho_true_std": 0.07797525823116302
}