{
  "num_total": 32,
  "num_active": 12,
  "prop_active": 0.375,
  "num_grid_like": 9,
  "prop_grid_like_in_active": 0.75,
  "mean_spacing_grid_like": 27.659489248703935,
  "rho_true_mean": 0.8394724130630493,
  "rho_true_std": 0.076185442507267
}