{
  "num_total": 32,
  "num_active": 13,
  "prop_active": 0.40625,
  "num_grid_like": 8,
  "prop_grid_like_in_active": 0.6153846153846154,
  "mean_spacing_grid_like": 27.616111731044047,
  "rho_true_mean": 0.8395302295684814,
  "rho_true_std": 0.0744476318359375
}