{
  "num_total": 32,
  "num_active": 24,
  "prop_active": 0.75,
  "num_grid_like": 4,
  "prop_grid_like_in_active": 0.16666666666666666,
  "mean_spacing_grid_like": 34.790911471727625,
  "rho_true_mean": 1.039001226425171,
  "rho_true_std": 0.09942804276943207
}