{
  "num_total": 32,
  "num_active": 24,
  "prop_active": 0.75,
  "num_grid_like": 24,
  "prop_grid_like_in_active": 1.0,
  "mean_spacing_grid_like": 33.97483925973523,
  "rho_true_mean": 1.0260815620422363,
  "rho_true_std": 0.07964887470006943
}