{
  "num_total": 32,
  "num_active": 13,
  "prop_active": 0.40625,
  "num_grid_like": 12,
  "prop_grid_like_in_active": 0.9230769230769231,
  "mean_spacing_grid_like": 27.478785333931473,
  "rho_true_mean": 0.8405966758728027,
  "rho_true_std": 0.08060957491397858
}