{
  "num_total": 32,
  "num_active": 28,
  "prop_active": 0.875,
  "num_grid_like": 28,
  "prop_grid_like_in_active": 1.0,
  "mean_spacing_grid_like": 36.46439459585228,
  "rho_true_mean": 1.0393413305282593,
  "rho_true_std": 0.08280085027217865
}