{
  "num_total": 32,
  "num_active": 21,
  "prop_active": 0.65625,
  "num_grid_like": 21,
  "prop_grid_like_in_active": 1.0,
  "mean_spacing_grid_like": 29.744990888080235,
  "rho_true_mean": 0.8710653781890869,
  "rho_true_std": 0.05697493627667427
}