{
  "num_total": 32,
  "num_active": 10,
  "prop_active": 0.3125,
  "num_grid_like": 10,
  "prop_grid_like_in_active": 1.0,
  "mean_spacing_grid_like": 30.004063890718623,
  "rho_true_mean": 0.8473031520843506,
  "rho_true_std": 0.07567525655031204
}