{
  "num_total": 32,
  "num_active": 28,
  "prop_active": 0.875,
  "num_grid_like": 5,
  "prop_grid_like_in_active": 0.17857142857142858,
  "mean_spacing_grid_like": 37.04173583129129,
  "rho_true_mean": 1.0380021333694458,
  "rho_true_std": 0.08929358422756195
}