{
  "num_total": 32,
  "num_active": 8,
  "prop_active": 0.25,
  "num_grid_like": 8,
  "prop_grid_like_in_active": 1.0,
  "mean_spacing_grid_like": 28.4200288512989,
  "rho_true_mean": 0.8128434419631958,
  "rho_true_std": 0.07075562328100204
}