{
  "num_total": 32,
  "num_active": 29,
  "prop_active": 0.90625,
  "num_grid_like": 4,
  "prop_grid_like_in_active": 0.13793103448275862,
  "mean_spacing_grid_like": 37.367792227849264,
  "rho_true_mean": 1.0459007024765015,
  "rho_true_std": 0.09875856339931488
}