{
  "num_total": 32,
  "num_active": 18,
  "prop_active": 0.5625,
  "num_grid_like": 18,
  "prop_grid_like_in_active": 1.0,
  "mean_spacing_grid_like": 29.71213027312771,
  "rho_true_mean": 0.8742576837539673,
  "rho_true_std": 0.05783148854970932
}