{
  "num_total": 32,
  "num_active": 24,
  "prop_active": 0.75,
  "num_grid_like": 18,
  "prop_grid_like_in_active": 0.75,
  "mean_spacing_grid_like": 37.967389461876905,
  "rho_true_mean": 1.0462992191314697,
  "rho_true_std": 0.08585085719823837
}