{
  "num_total": 32,
  "num_active": 27,
  "prop_active": 0.84375,
  "num_grid_like": 27,
  "prop_grid_like_in_active": 1.0,
  "mean_spacing_grid_like": 34.432559451364256,
  "rho_true_mean": 1.1954667568206787,
  "rho_true_std": 0.10844913870096207
}