{
  "num_total": 32,
  "num_active": 23,
  "prop_active": 0.71875,
  "num_grid_like": 23,
  "prop_grid_like_in_active": 1.0,
  "mean_spacing_grid_like": 32.54280467333393,
  "rho_true_mean": 0.9871257543563843,
  "rho_true_std": 0.09066382050514221
}