{
  "num_total": 32,
  "num_active": 27,
  "prop_active": 0.84375,
  "num_grid_like": 6,
  "prop_grid_like_in_active": 0.2222222222222222,
  "mean_spacing_grid_like": 35.91324421345417,
  "rho_true_mean": 1.0375480651855469,
  "rho_true_std": 0.09305686503648758
}