{
  "num_total": 32,
  "num_active": 24,
  "prop_active": 0.75,
  "num_grid_like": 12,
  "prop_grid_like_in_active": 0.5,
  "mean_spacing_grid_like": 32.8088159428292,
  "rho_true_mean": 1.1988434791564941,
  "rho_true_std": 0.14386394619941711
}