{
  "num_total": 32,
  "num_active": 23,
  "prop_active": 0.71875,
  "num_grid_like": 23,
  "prop_grid_like_in_active": 1.0,
  "mean_spacing_grid_like": 36.483610767503755,
  "rho_true_mean": 1.0345892906188965,
  "rho_true_std": 0.0786161720752716
}