{
  "num_total": 32,
  "num_active": 24,
  "prop_active": 0.75,
  "num_grid_like": 24,
  "prop_grid_like_in_active": 1.0,
  "mean_spacing_grid_like": 34.383131529280604,
  "rho_true_mean": 1.1884080171585083,
  "rho_true_std": 0.11538708209991455
}