{
  "num_total": 32,
  "num_active": 24,
  "prop_active": 0.75,
  "num_grid_like": 19,
  "prop_grid_like_in_active": 0.7916666666666666,
  "mean_spacing_grid_like": 38.23444590265882,
  "rho_true_mean": 1.0467722415924072,
  "rho_true_std": 0.09363891929388046
}