{
  "num_total": 32,
  "num_active": 22,
  "prop_active": 0.6875,
  "num_grid_like": 22,
  "prop_grid_like_in_active": 1.0,
  "mean_spacing_grid_like": 32.53669377869004,
  "rho_true_mean": 0.9820386171340942,
  "rho_true_std": 0.08753708750009537
}