{
  "num_total": 32,
  "num_active": 16,
  "prop_active": 0.5,
  "num_grid_like": 9,
  "prop_grid_like_in_active": 0.5625,
  "mean_spacing_grid_like": 32.7579273086233,
  "rho_true_mean": 0.988227367401123,
  "rho_true_std": 0.08916880935430527
}