{
  "num_total": 32,
  "num_active": 26,
  "prop_active": 0.8125,
  "num_grid_like": 15,
  "prop_grid_like_in_active": 0.5769230769230769,
  "mean_spacing_grid_like": 38.37758253673455,
  "rho_true_mean": 1.037314534187317,
  "rho_true_std": 0.083800308406353
}