{
  "num_total": 32,
  "num_active": 16,
  "prop_active": 0.5,
  "num_grid_like": 9,
  "prop_grid_like_in_active": 0.5625,
  "mean_spacing_grid_like": 32.936102627731955,
  "rho_true_mean": 0.9783124923706055,
  "rho_true_std": 0.100603848695755
}