{
  "num_total": 32,
  "num_active": 14,
  "prop_active": 0.4375,
  "num_grid_like": 11,
  "prop_grid_like_in_active": 0.7857142857142857,
  "mean_spacing_grid_like": 31.439974535061477,
  "rho_true_mean": 0.9522412419319153,
  "rho_true_std": 0.08340208232402802
}