{
  "num_total": 32,
  "num_active": 9,
  "prop_active": 0.28125,
  "num_grid_like": 7,
  "prop_grid_like_in_active": 0.7777777777777778,
  "mean_spacing_grid_like": 30.55480746139522,
  "rho_true_mean": 0.8807353377342224,
  "rho_true_std": 0.09884063154459
}