{
  "num_total": 32,
  "num_active": 14,
  "prop_active": 0.4375,
  "num_grid_like": 13,
  "prop_grid_like_in_active": 0.9285714285714286,
  "mean_spacing_grid_like": 30.513288721756336,
  "rho_true_mean": 0.9048283696174622,
  "rho_true_std": 0.07039787620306015
}