{
  "num_total": 32,
  "num_active": 13,
  "prop_active": 0.40625,
  "num_grid_like": 13,
  "prop_grid_like_in_active": 1.0,
  "mean_spacing_grid_like": 27.21219655047202,
  "rho_true_mean": 0.8242202997207642,
  "rho_true_std": 0.07159942388534546
}