{
  "num_total": 32,
  "num_active": 9,
  "prop_active": 0.28125,
  "num_grid_like": 5,
  "prop_grid_like_in_active": 0.5555555555555556,
  "mean_spacing_grid_like": 28.70195056452993,
  "rho_true_mean": 0.8423469066619873,
  "rho_true_std": 0.07602407038211823
}