{
  "num_total": 32,
  "num_active": 25,
  "prop_active": 0.78125,
  "num_grid_like": 3,
  "prop_grid_like_in_active": 0.12,
  "mean_spacing_grid_like": 39.12429023303298,
  "rho_true_mean": 1.045846700668335,
  "rho_true_std": 0.08453115075826645
}