{
  "num_total": 32,
  "num_active": 25,
  "prop_active": 0.78125,
  "num_grid_like": 11,
  "prop_grid_like_in_active": 0.44,
  "mean_spacing_grid_like": 31.454488633609973,
  "rho_true_mean": 1.1744868755340576,
  "rho_true_std": 0.1267484873533249
}