{
  "num_total": 32,
  "num_active": 22,
  "prop_active": 0.6875,
  "num_grid_like": 3,
  "prop_grid_like_in_active": 0.13636363636363635,
  "mean_spacing_grid_like": 34.955374664446445,
  "rho_true_mean": 1.036798119544983,
  "rho_true_std": 0.11885103583335876
}