{
  "num_total": 32,
  "num_active": 11,
  "prop_active": 0.34375,
  "num_grid_like": 11,
  "prop_grid_like_in_active": 1.0,
  "mean_spacing_grid_like": 31.251689865327783,
  "rho_true_mean": 0.9345818161964417,
  "rho_true_std": 0.08948391675949097
}