{
  "num_total": 32,
  "num_active": 16,
  "prop_active": 0.5,
  "num_grid_like": 16,
  "prop_grid_like_in_active": 1.0,
  "mean_spacing_grid_like": 28.93693046044698,
  "rho_true_mean": 0.8570874333381653,
  "rho_true_std": 0.06350288540124893
}