{
  "num_total": 32,
  "num_active": 25,
  "prop_active": 0.78125,
  "num_grid_like": 25,
  "prop_grid_like_in_active": 1.0,
  "mean_spacing_grid_like": 32.477417347306584,
  "rho_true_mean": 0.9786098003387451,
  "rho_true_std": 0.08369912952184677
}