{
  "num_total": 32,
  "num_active": 12,
  "prop_active": 0.375,
  "num_grid_like": 9,
  "prop_grid_like_in_active": 0.75,
  "mean_spacing_grid_like": 28.032328821493067,
  "rho_true_mean": 0.8088637590408325,
  "rho_true_std": 0.06397566199302673
}