{
  "num_total": 32,
  "num_active": 24,
  "prop_active": 0.75,
  "num_grid_like": 6,
  "prop_grid_like_in_active": 0.25,
  "mean_spacing_grid_like": 35.18416091716033,
  "rho_true_mean": 1.042545199394226,
  "rho_true_std": 0.10642442852258682
}