{
  "num_total": 32,
  "num_active": 21,
  "prop_active": 0.65625,
  "num_grid_like": 21,
  "prop_grid_like_in_active": 1.0,
  "mean_spacing_grid_like": 34.28979796426628,
  "rho_true_mean": 1.0114370584487915,
  "rho_true_std": 0.0943702757358551
}