{
  "num_total": 32,
  "num_active": 26,
  "prop_active": 0.8125,
  "num_grid_like": 26,
  "prop_grid_like_in_active": 1.0,
  "mean_spacing_grid_like": 34.026884280339814,
  "rho_true_mean": 1.012157917022705,
  "rho_true_std": 0.09172389656305313
}