{
  "num_total": 32,
  "num_active": 25,
  "prop_active": 0.78125,
  "num_grid_like": 6,
  "prop_grid_like_in_active": 0.24,
  "mean_spacing_grid_like": 32.90499419065313,
  "rho_true_mean": 1.1918747425079346,
  "rho_true_std": 0.12712325155735016
}