{
  "num_total": 32,
  "num_active": 16,
  "prop_active": 0.5,
  "num_grid_like": 16,
  "prop_grid_like_in_active": 1.0,
  "mean_spacing_grid_like": 28.903032580161124,
  "rho_true_mean": 0.8325409889221191,
  "rho_true_std": 0.06272803992033005
}