{
  "num_total": 32,
  "num_active": 17,
  "prop_active": 0.53125,
  "num_grid_like": 9,
  "prop_grid_like_in_active": 0.5294117647058824,
  "mean_spacing_grid_like": 33.88053142693663,
  "rho_true_mean": 1.012969970703125,
  "rho_true_std": 0.09174328297376633
}