{
  "num_total": 32,
  "num_active": 24,
  "prop_active": 0.75,
  "num_grid_like": 24,
  "prop_grid_like_in_active": 1.0,
  "mean_spacing_grid_like": 32.36458685066237,
  "rho_true_mean": 0.9776813387870789,
  "rho_true_std": 0.08987769484519958
}