{
  "num_total": 32,
  "num_active": 25,
  "prop_active": 0.78125,
  "num_grid_like": 19,
  "prop_grid_like_in_active": 0.76,
  "mean_spacing_grid_like": 39.452831966093115,
  "rho_true_mean": 1.0427000522613525,
  "rho_true_std": 0.09327581524848938
}