{
  "num_total": 32,
  "num_active": 23,
  "prop_active": 0.71875,
  "num_grid_like": 22,
  "prop_grid_like_in_active": 0.9565217391304348,
  "mean_spacing_grid_like": 33.8278709106898,
  "rho_true_mean": 1.194032907485962,
  "rho_true_std": 0.11568628996610641
}