{
  "num_total": 32,
  "num_active": 14,
  "prop_active": 0.4375,
  "num_grid_like": 9,
  "prop_grid_like_in_active": 0.6428571428571429,
  "mean_spacing_grid_like": 32.885779759628626,
  "rho_true_mean": 0.9766271114349365,
  "rho_true_std": 0.09220853447914124
}