{
  "num_total": 32,
  "num_active": 11,
  "prop_active": 0.34375,
  "num_grid_like": 10,
  "prop_grid_like_in_active": 0.9090909090909091,
  "mean_spacing_grid_like": 30.356295477933525,
  "rho_true_mean": 0.9258955717086792,
  "rho_true_std": 0.12254320830106735
}