{
  "num_total": 32,
  "num_active": 13,
  "prop_active": 0.40625,
  "num_grid_like": 13,
  "prop_grid_like_in_active": 1.0,
  "mean_spacing_grid_like": 28.85394956211904,
  "rho_true_mean": 0.8568141460418701,
  "rho_true_std": 0.07040498405694962
}