{
  "num_total": 32,
  "num_active": 24,
  "prop_active": 0.75,
  "num_grid_like": 1,
  "prop_grid_like_in_active": 0.041666666666666664,
  "mean_spacing_grid_like": 33.45053363997594,
  "rho_true_mean": 1.2203656435012817,
  "rho_true_std": 0.23166204988956451
}