{
  "num_total": 32,
  "num_active": 12,
  "prop_active": 0.375,
  "num_grid_like": 9,
  "prop_grid_like_in_active": 0.75,
  "mean_spacing_grid_like": 31.470457873059445,
  "rho_true_mean": 0.9450719356536865,
  "rho_true_std": 0.08718334883451462
}