{
  "num_total": 32,
  "num_active": 24,
  "prop_active": 0.75,
  "num_grid_like": 24,
  "prop_grid_like_in_active": 1.0,
  "mean_spacing_grid_like": 34.56535398039862,
  "rho_true_mean": 1.1914548873901367,
  "rho_true_std": 0.11275274306535721
}