{
  "num_total": 32,
  "num_active": 14,
  "prop_active": 0.4375,
  "num_grid_like": 13,
  "prop_grid_like_in_active": 0.9285714285714286,
  "mean_spacing_grid_like": 28.38508235588127,
  "rho_true_mean": 0.8470771908760071,
  "rho_true_std": 0.0637596845626831
}