{
  "num_total": 32,
  "num_active": 14,
  "prop_active": 0.4375,
  "num_grid_like": 14,
  "prop_grid_like_in_active": 1.0,
  "mean_spacing_grid_like": 33.02342687219146,
  "rho_true_mean": 0.9739859104156494,
  "rho_true_std": 0.09133046865463257
}