{
  "num_total": 32,
  "num_active": 25,
  "prop_active": 0.78125,
  "num_grid_like": 10,
  "prop_grid_like_in_active": 0.4,
  "mean_spacing_grid_like": 34.863598887285164,
  "rho_true_mean": 1.0398534536361694,
  "rho_true_std": 0.09503763169050217
}