{
  "num_total": 32,
  "num_active": 14,
  "prop_active": 0.4375,
  "num_grid_like": 12,
  "prop_grid_like_in_active": 0.8571428571428571,
  "mean_spacing_grid_like": 27.832161450691796,
  "rho_true_mean": 0.820114016532898,
  "rho_true_std": 0.06404092907905579
}