{
  "num_total": 32,
  "num_active": 13,
  "prop_active": 0.40625,
  "num_grid_like": 5,
  "prop_grid_like_in_active": 0.38461538461538464,
  "mean_spacing_grid_like": 31.187027435995823,
  "rho_true_mean": 0.9574174880981445,
  "rho_true_std": 0.09170451015233994
}