{
  "num_total": 32,
  "num_active": 26,
  "prop_active": 0.8125,
  "num_grid_like": 2,
  "prop_grid_like_in_active": 0.07692307692307693,
  "mean_spacing_grid_like": 36.445719857575156,
  "rho_true_mean": 1.0182530879974365,
  "rho_true_std": 0.1009611263871193
}