{
  "num_total": 32,
  "num_active": 22,
  "prop_active": 0.6875,
  "num_grid_like": 22,
  "prop_grid_like_in_active": 1.0,
  "mean_spacing_grid_like": 32.6908009929715,
  "rho_true_mean": 0.982265055179596,
  "rho_true_std": 0.09244345873594284
}