{
  "num_total": 32,
  "num_active": 13,
  "prop_active": 0.40625,
  "num_grid_like": 11,
  "prop_grid_like_in_active": 0.8461538461538461,
  "mean_spacing_grid_like": 27.97043478974663,
  "rho_true_mean": 0.8582712411880493,
  "rho_true_std": 0.07530345767736435
}