{
  "num_total": 32,
  "num_active": 11,
  "prop_active": 0.34375,
  "num_grid_like": 11,
  "prop_grid_like_in_active": 1.0,
  "mean_spacing_grid_like": 28.14973228161506,
  "rho_true_mean": 0.8549207448959351,
  "rho_true_std": 0.07510404288768768
}