{
  "num_total": 32,
  "num_active": 25,
  "prop_active": 0.78125,
  "num_grid_like": 25,
  "prop_grid_like_in_active": 1.0,
  "mean_spacing_grid_like": 36.23553261385095,
  "rho_true_mean": 1.0250637531280518,
  "rho_true_std": 0.09363674372434616
}