{
  "num_total": 32,
  "num_active": 26,
  "prop_active": 0.8125,
  "num_grid_like": 5,
  "prop_grid_like_in_active": 0.19230769230769232,
  "mean_spacing_grid_like": 36.38592727526108,
  "rho_true_mean": 1.0262445211410522,
  "rho_true_std": 0.09797973930835724
}