{
  "num_total": 32,
  "num_active": 25,
  "prop_active": 0.78125,
  "num_grid_like": 25,
  "prop_grid_like_in_active": 1.0,
  "mean_spacing_grid_like": 32.50301272667084,
  "rho_true_mean": 0.9846014976501465,
  "rho_true_std": 0.07999338209629059
}