{
  "num_total": 32,
  "num_active": 26,
  "prop_active": 0.8125,
  "num_grid_like": 4,
  "prop_grid_like_in_active": 0.15384615384615385,
  "mean_spacing_grid_like": 36.409458543345366,
  "rho_true_mean": 1.0267001390457153,
  "rho_true_std": 0.1010199636220932
}