{
  "num_total": 32,
  "num_active": 25,
  "prop_active": 0.78125,
  "num_grid_like": 25,
  "prop_grid_like_in_active": 1.0,
  "mean_spacing_grid_like": 34.69964564583471,
  "rho_true_mean": 1.1827243566513062,
  "rho_true_std": 0.11127585917711258
}