{
  "num_total": 32,
  "num_active": 24,
  "prop_active": 0.75,
  "num_grid_like": 24,
  "prop_grid_like_in_active": 1.0,
  "mean_spacing_grid_like": 31.37520377523828,
  "rho_true_mean": 0.9634060859680176,
  "rho_true_std": 0.0916011705994606
}