{
  "num_total": 32,
  "num_active": 25,
  "prop_active": 0.78125,
  "num_grid_like": 14,
  "prop_grid_like_in_active": 0.56,
  "mean_spacing_grid_like": 38.98350866600045,
  "rho_true_mean": 1.038088083267212,
  "rho_true_std": 0.09923569113016129
}