{
  "num_total": 32,
  "num_active": 24,
  "prop_active": 0.75,
  "num_grid_like": 24,
  "prop_grid_like_in_active": 1.0,
  "mean_spacing_grid_like": 36.11660881111508,
  "rho_true_mean": 1.0189403295516968,
  "rho_true_std": 0.08338134735822678
}