{
  "num_total": 32,
  "num_active": 12,
  "prop_active": 0.375,
  "num_grid_like": 12,
  "prop_grid_like_in_active": 1.0,
  "mean_spacing_grid_like": 30.165445900459346,
  "rho_true_mean": 0.87201988697052,
  "rho_true_std": 0.07081140577793121
}