{
  "num_total": 32,
  "num_active": 25,
  "prop_active": 0.78125,
  "num_grid_like": 10,
  "prop_grid_like_in_active": 0.4,
  "mean_spacing_grid_like": 35.13698252392403,
  "rho_true_mean": 1.0367708206176758,
  "rho_true_std": 0.09682326018810272
}