{
  "num_total": 32,
  "num_active": 15,
  "prop_active": 0.46875,
  "num_grid_like": 14,
  "prop_grid_like_in_active": 0.9333333333333333,
  "mean_spacing_grid_like": 33.089776503742286,
  "rho_true_mean": 0.9935952425003052,
  "rho_true_std": 0.0924675390124321
}