{
  "num_total": 32,
  "num_active": 14,
  "prop_active": 0.4375,
  "num_grid_like": 14,
  "prop_grid_like_in_active": 1.0,
  "mean_spacing_grid_like": 31.87349295479584,
  "rho_true_mean": 0.9383887052536011,
  "rho_true_std": 0.07296941429376602
}