{
  "num_total": 32,
  "num_active": 18,
  "prop_active": 0.5625,
  "num_grid_like": 13,
  "prop_grid_like_in_active": 0.7222222222222222,
  "mean_spacing_grid_like": 34.286296325657524,
  "rho_true_mean": 1.0162405967712402,
  "rho_true_std": 0.09989917278289795
}