{
  "num_total": 32,
  "num_active": 21,
  "prop_active": 0.65625,
  "num_grid_like": 21,
  "prop_grid_like_in_active": 1.0,
  "mean_spacing_grid_like": 34.203413434906466,
  "rho_true_mean": 1.0120271444320679,
  "rho_true_std": 0.09079335629940033
}