{
  "num_total": 32,
  "num_active": 11,
  "prop_active": 0.34375,
  "num_grid_like": 11,
  "prop_grid_like_in_active": 1.0,
  "mean_spacing_grid_like": 28.409001024717266,
  "rho_true_mean": 0.8375594615936279,
  "rho_true_std": 0.06549018621444702
}