{
  "num_total": 32,
  "num_active": 23,
  "prop_active": 0.71875,
  "num_grid_like": 10,
  "prop_grid_like_in_active": 0.43478260869565216,
  "mean_spacing_grid_like": 35.91650117011001,
  "rho_true_mean": 1.0455580949783325,
  "rho_true_std": 0.09927009046077728
}