{
  "num_total": 32,
  "num_active": 17,
  "prop_active": 0.53125,
  "num_grid_like": 17,
  "prop_grid_like_in_active": 1.0,
  "mean_spacing_grid_like": 31.424979692084154,
  "rho_true_mean": 0.9406834840774536,
  "rho_true_std": 0.08358260244131088
}