{
  "num_total": 32,
  "num_active": 13,
  "prop_active": 0.40625,
  "num_grid_like": 13,
  "prop_grid_like_in_active": 1.0,
  "mean_spacing_grid_like": 29.760607717809503,
  "rho_true_mean": 0.8716837167739868,
  "rho_true_std": 0.0709628164768219
}