{
  "num_total": 32,
  "num_active": 24,
  "prop_active": 0.75,
  "num_grid_like": 23,
  "prop_grid_like_in_active": 0.9583333333333334,
  "mean_spacing_grid_like": 35.92783621810262,
  "rho_true_mean": 1.0400196313858032,
  "rho_true_std": 0.09660793095827103
}