{
  "num_total": 32,
  "num_active": 25,
  "prop_active": 0.78125,
  "num_grid_like": 25,
  "prop_grid_like_in_active": 1.0,
  "mean_spacing_grid_like": 31.125008205284104,
  "rho_true_mean": 0.9573965072631836,
  "rho_true_std": 0.0839432030916214
}