{
  "num_total": 32,
  "num_active": 12,
  "prop_active": 0.375,
  "num_grid_like": 12,
  "prop_grid_like_in_active": 1.0,
  "mean_spacing_grid_like": 30.384621221737216,
  "rho_true_mean": 0.8790649175643921,
  "rho_true_std": 0.0674196407198906
}