{
  "num_total": 32,
  "num_active": 11,
  "prop_active": 0.34375,
  "num_grid_like": 5,
  "prop_grid_like_in_active": 0.45454545454545453,
  "mean_spacing_grid_like": 28.985028905414687,
  "rho_true_mean": 0.8375260233879089,
  "rho_true_std": 0.08997578918933868
}