{
  "num_total": 32,
  "num_active": 23,
  "prop_active": 0.71875,
  "num_grid_like": 23,
  "prop_grid_like_in_active": 1.0,
  "mean_spacing_grid_like": 36.90296273382294,
  "rho_true_mean": 1.0282785892486572,
  "rho_true_std": 0.08878179639577866
}