{
  "num_total": 32,
  "num_active": 11,
  "prop_active": 0.34375,
  "num_grid_like": 8,
  "prop_grid_like_in_active": 0.7272727272727273,
  "mean_spacing_grid_like": 28.887264170132774,
  "rho_true_mean": 0.8325752019882202,
  "rho_true_std": 0.08398471772670746
}