{
  "num_total": 32,
  "num_active": 23,
  "prop_active": 0.71875,
  "num_grid_like": 6,
  "prop_grid_like_in_active": 0.2608695652173913,
  "mean_spacing_grid_like": 35.07696679010319,
  "rho_true_mean": 1.0269297361373901,
  "rho_true_std": 0.09524417668581009
}