{
  "num_total": 32,
  "num_active": 10,
  "prop_active": 0.3125,
  "num_grid_like": 9,
  "prop_grid_like_in_active": 0.9,
  "mean_spacing_grid_like": 28.38002381791135,
  "rho_true_mean": 0.8230522274971008,
  "rho_true_std": 0.07568592578172684
}