{
  "num_total": 32,
  "num_active": 10,
  "prop_active": 0.3125,
  "num_grid_like": 10,
  "prop_grid_like_in_active": 1.0,
  "mean_spacing_grid_like": 30.220094773987675,
  "rho_true_mean": 0.8585819005966187,
  "rho_true_std": 0.07818134874105453
}