{
  "num_total": 32,
  "num_active": 13,
  "prop_active": 0.40625,
  "num_grid_like": 7,
  "prop_grid_like_in_active": 0.5384615384615384,
  "mean_spacing_grid_like": 30.78797698507984,
  "rho_true_mean": 0.9132314324378967,
  "rho_true_std": 0.0918477326631546
}