{
  "num_total": 32,
  "num_active": 13,
  "prop_active": 0.40625,
  "num_grid_like": 9,
  "prop_grid_like_in_active": 0.6923076923076923,
  "mean_spacing_grid_like": 32.07318785848158,
  "rho_true_mean": 0.963445782661438,
  "rho_true_std": 0.09855073690414429
}