{
  "num_total": 32,
  "num_active": 23,
  "prop_active": 0.71875,
  "num_grid_like": 23,
  "prop_grid_like_in_active": 1.0,
  "mean_spacing_grid_like": 36.65331618922698,
  "rho_true_mean": 1.0342583656311035,
  "rho_true_std": 0.08742649108171463
}