{
  "num_total": 32,
  "num_active": 24,
  "prop_active": 0.75,
  "num_grid_like": 19,
  "prop_grid_like_in_active": 0.7916666666666666,
  "mean_spacing_grid_like": 38.3639141045575,
  "rho_true_mean": 1.0510913133621216,
  "rho_true_std": 0.10381029546260834
}