{
  "num_total": 32,
  "num_active": 24,
  "prop_active": 0.75,
  "num_grid_like": 2,
  "prop_grid_like_in_active": 0.08333333333333333,
  "mean_spacing_grid_like": 34.25453824426599,
  "rho_true_mean": 1.0429733991622925,
  "rho_true_std": 0.0958319753408432
}