{
  "num_total": 32,
  "num_active": 19,
  "prop_active": 0.59375,
  "num_grid_like": 19,
  "prop_grid_like_in_active": 1.0,
  "mean_spacing_grid_like": 29.60207284089869,
  "rho_true_mean": 0.8761190176010132,
  "rho_true_std": 0.058598555624485016
}