{
  "num_total": 32,
  "num_active": 13,
  "prop_active": 0.40625,
  "num_grid_like": 13,
  "prop_grid_like_in_active": 1.0,
  "mean_spacing_grid_like": 29.141385522730108,
  "rho_true_mean": 0.8517083525657654,
  "rho_true_std": 0.0711069330573082
}