{
  "num_total": 32,
  "num_active": 18,
  "prop_active": 0.5625,
  "num_grid_like": 13,
  "prop_grid_like_in_active": 0.7222222222222222,
  "mean_spacing_grid_like": 34.1623985312797,
  "rho_true_mean": 1.014827013015747,
  "rho_true_std": 0.10589548945426941
}