{
  "num_total": 32,
  "num_active": 22,
  "prop_active": 0.6875,
  "num_grid_like": 22,
  "prop_grid_like_in_active": 1.0,
  "mean_spacing_grid_like": 34.273341060150614,
  "rho_true_mean": 1.0119271278381348,
  "rho_true_std": 0.07634350657463074
}