{
  "num_total": 32,
  "num_active": 10,
  "prop_active": 0.3125,
  "num_grid_like": 9,
  "prop_grid_like_in_active": 0.9,
  "mean_spacing_grid_like": 29.93216715249143,
  "rho_true_mean": 0.8521432280540466,
  "rho_true_std": 0.07864296436309814
}