{
  "num_total": 32,
  "num_active": 27,
  "prop_active": 0.84375,
  "num_grid_like": 27,
  "prop_grid_like_in_active": 1.0,
  "mean_spacing_grid_like": 34.57220348080882,
  "rho_true_mean": 1.017393708229065,
  "rho_true_std": 0.0947210043668747
}