{
  "num_total": 32,
  "num_active": 13,
  "prop_active": 0.40625,
  "num_grid_like": 12,
  "prop_grid_like_in_active": 0.9230769230769231,
  "mean_spacing_grid_like": 32.045343480333585,
  "rho_true_mean": 0.9427492618560791,
  "rho_true_std": 0.07506121695041656
}