{
  "num_total": 32,
  "num_active": 18,
  "prop_active": 0.5625,
  "num_grid_like": 7,
  "prop_grid_like_in_active": 0.3888888888888889,
  "mean_spacing_grid_like": 34.32221193100918,
  "rho_true_mean": 0.989147424697876,
  "rho_true_std": 0.09335161745548248
}