{
  "num_total": 32,
  "num_active": 12,
  "prop_active": 0.375,
  "num_grid_like": 12,
  "prop_grid_like_in_active": 1.0,
  "mean_spacing_grid_like": 31.73096801619955,
  "rho_true_mean": 0.9516764879226685,
  "rho_true_std": 0.09341049939393997
}