{
  "num_total": 32,
  "num_active": 12,
  "prop_active": 0.375,
  "num_grid_like": 8,
  "prop_grid_like_in_active": 0.6666666666666666,
  "mean_spacing_grid_like": 31.477227474975326,
  "rho_true_mean": 0.954767107963562,
  "rho_true_std": 0.0805506706237793
}