{
  "num_total": 32,
  "num_active": 27,
  "prop_active": 0.84375,
  "num_grid_like": 4,
  "prop_grid_like_in_active": 0.14814814814814814,
  "mean_spacing_grid_like": 33.329762060793286,
  "rho_true_mean": 1.1763343811035156,
  "rho_true_std": 0.1276959329843521
}