{
  "num_total": 32,
  "num_active": 25,
  "prop_active": 0.78125,
  "num_grid_like": 7,
  "prop_grid_like_in_active": 0.28,
  "mean_spacing_grid_like": 34.40379273991275,
  "rho_true_mean": 1.165847897529602,
  "rho_true_std": 0.12603597342967987
}