{
  "num_total": 32,
  "num_active": 12,
  "prop_active": 0.375,
  "num_grid_like": 12,
  "prop_grid_like_in_active": 1.0,
  "mean_spacing_grid_like": 30.141263770872794,
  "rho_true_mean": 0.8753080368041992,
  "rho_true_std": 0.06849279999732971
}