{
  "num_total": 32,
  "num_active": 18,
  "prop_active": 0.5625,
  "num_grid_like": 14,
  "prop_grid_like_in_active": 0.7777777777777778,
  "mean_spacing_grid_like": 33.91438402159579,
  "rho_true_mean": 1.023255705833435,
  "rho_true_std": 0.09490851312875748
}