{
  "num_total": 32,
  "num_active": 12,
  "prop_active": 0.375,
  "num_grid_like": 12,
  "prop_grid_like_in_active": 1.0,
  "mean_spacing_grid_like": 31.111018582992134,
  "rho_true_mean": 0.9238739013671875,
  "rho_true_std": 0.08602899312973022
}