{
  "num_total": 32,
  "num_active": 16,
  "prop_active": 0.5,
  "num_grid_like": 16,
  "prop_grid_like_in_active": 1.0,
  "mean_spacing_grid_like": 30.11502040600553,
  "rho_true_mean": 0.879790186882019,
  "rho_true_std": 0.07778690755367279
}