{
  "num_total": 32,
  "num_active": 9,
  "prop_active": 0.28125,
  "num_grid_like": 5,
  "prop_grid_like_in_active": 0.5555555555555556,
  "mean_spacing_grid_like": 29.51283643493226,
  "rho_true_mean": 0.860156774520874,
  "rho_true_std": 0.07989825308322906
}