{
  "num_total": 32,
  "num_active": 21,
  "prop_active": 0.65625,
  "num_grid_like": 21,
  "prop_grid_like_in_active": 1.0,
  "mean_spacing_grid_like": 33.7773633189053,
  "rho_true_mean": 1.1830310821533203,
  "rho_true_std": 0.12452661991119385
}