{
  "num_total": 32,
  "num_active": 13,
  "prop_active": 0.40625,
  "num_grid_like": 13,
  "prop_grid_like_in_active": 1.0,
  "mean_spacing_grid_like": 28.890383285136025,
  "rho_true_mean": 0.8305763006210327,
  "rho_true_std": 0.0625423938035965
}