{
  "num_total": 32,
  "num_active": 24,
  "prop_active": 0.75,
  "num_grid_like": 7,
  "prop_grid_like_in_active": 0.2916666666666667,
  "mean_spacing_grid_like": 35.85225121916859,
  "rho_true_mean": 1.0298609733581543,
  "rho_true_std": 0.09732512384653091
}