{
  "num_total": 32,
  "num_active": 11,
  "prop_active": 0.34375,
  "num_grid_like": 11,
  "prop_grid_like_in_active": 1.0,
  "mean_spacing_grid_like": 29.82617714289495,
  "rho_true_mean": 0.860758900642395,
  "rho_true_std": 0.0891803428530693
}