{
  "num_total": 32,
  "num_active": 17,
  "prop_active": 0.53125,
  "num_grid_like": 14,
  "prop_grid_like_in_active": 0.8235294117647058,
  "mean_spacing_grid_like": 34.240283961381834,
  "rho_true_mean": 1.0290107727050781,
  "rho_true_std": 0.08867357671260834
}