{
  "num_total": 32,
  "num_active": 22,
  "prop_active": 0.6875,
  "num_grid_like": 9,
  "prop_grid_like_in_active": 0.4090909090909091,
  "mean_spacing_grid_like": 34.458347025824125,
  "rho_true_mean": 1.0429883003234863,
  "rho_true_std": 0.10661765933036804
}