{
  "num_total": 32,
  "num_active": 25,
  "prop_active": 0.78125,
  "num_grid_like": 25,
  "prop_grid_like_in_active": 1.0,
  "mean_spacing_grid_like": 31.362596002883457,
  "rho_true_mean": 0.9511260986328125,
  "rho_true_std": 0.08284182101488113
}