{
  "num_total": 32,
  "num_active": 21,
  "prop_active": 0.65625,
  "num_grid_like": 2,
  "prop_grid_like_in_active": 0.09523809523809523,
  "mean_spacing_grid_like": 35.907613916863696,
  "rho_true_mean": 1.0348306894302368,
  "rho_true_std": 0.1012045368552208
}