{
  "num_total": 32,
  "num_active": 14,
  "prop_active": 0.4375,
  "num_grid_like": 14,
  "prop_grid_like_in_active": 1.0,
  "mean_spacing_grid_like": 29.14112365714876,
  "rho_true_mean": 0.857379674911499,
  "rho_true_std": 0.06629085540771484
}