{
  "num_total": 32,
  "num_active": 11,
  "prop_active": 0.34375,
  "num_grid_like": 11,
  "prop_grid_like_in_active": 1.0,
  "mean_spacing_grid_like": 29.539312455659523,
  "rho_true_mean": 0.8543161153793335,
  "rho_true_std": 0.06837145984172821
}