{
  "num_total": 32,
  "num_active": 13,
  "prop_active": 0.40625,
  "num_grid_like": 11,
  "prop_grid_like_in_active": 0.8461538461538461,
  "mean_spacing_grid_like": 32.10351678517851,
  "rho_true_mean": 0.9503313899040222,
  "rho_true_std": 0.08289866149425507
}