{
  "num_total": 32,
  "num_active": 16,
  "prop_active": 0.5,
  "num_grid_like": 8,
  "prop_grid_like_in_active": 0.5,
  "mean_spacing_grid_like": 34.33240104802107,
  "rho_true_mean": 0.9985439777374268,
  "rho_true_std": 0.08524290472269058
}