{
  "num_total": 32,
  "num_active": 12,
  "prop_active": 0.375,
  "num_grid_like": 12,
  "prop_grid_like_in_active": 1.0,
  "mean_spacing_grid_like": 30.08135440689875,
  "rho_true_mean": 0.8834154009819031,
  "rho_true_std": 0.06905587762594223
}