{
  "num_total": 32,
  "num_active": 10,
  "prop_active": 0.3125,
  "num_grid_like": 9,
  "prop_grid_like_in_active": 0.9,
  "mean_spacing_grid_like": 30.192590256323644,
  "rho_true_mean": 0.8738044500350952,
  "rho_true_std": 0.08522098511457443
}