{
  "num_total": 32,
  "num_active": 20,
  "prop_active": 0.625,
  "num_grid_like": 17,
  "prop_grid_like_in_active": 0.85,
  "mean_spacing_grid_like": 25.46162729775949,
  "rho_true_mean": 1.70168936252594,
  "rho_true_std": 0.2563968002796173
}