{
  "num_total": 32,
  "num_active": 23,
  "prop_active": 0.71875,
  "num_grid_like": 23,
  "prop_grid_like_in_active": 1.0,
  "mean_spacing_grid_like": 24.56015396243466,
  "rho_true_mean": 1.7075445652008057,
  "rho_true_std": 0.3174019455909729
}