{
  "num_total": 32,
  "num_active": 23,
  "prop_active": 0.71875,
  "num_grid_like": 15,
  "prop_grid_like_in_active": 0.6521739130434783,
  "mean_spacing_grid_like": 27.605325489324628,
  "rho_true_mean": 1.4144713878631592,
  "rho_true_std": 0.1550479233264923
}