{
  "num_total": 32,
  "num_active": 23,
  "prop_active": 0.71875,
  "num_grid_like": 8,
  "prop_grid_like_in_active": 0.34782608695652173,
  "mean_spacing_grid_like": 30.765848936515795,
  "rho_true_mean": 1.2849414348602295,
  "rho_true_std": 0.15609276294708252
}