{
  "num_total": 32,
  "num_active": 26,
  "prop_active": 0.8125,
  "num_grid_like": 1,
  "prop_grid_like_in_active": 0.038461538461538464,
  "mean_spacing_grid_like": 29.435398375859204,
  "rho_true_mean": 1.502878189086914,
  "rho_true_std": 0.47542712092399597
}