{
  "num_total": 32,
  "num_active": 25,
  "prop_active": 0.78125,
  "num_grid_like": 21,
  "prop_grid_like_in_active": 0.84,
  "mean_spacing_grid_like": 28.102930885011222,
  "rho_true_mean": 1.4309327602386475,
  "rho_true_std": 0.16130013763904572
}