{
  "num_total": 32,
  "num_active": 25,
  "prop_active": 0.78125,
  "num_grid_like": 13,
  "prop_grid_like_in_active": 0.52,
  "mean_spacing_grid_like": 26.989741308694036,
  "rho_true_mean": 1.5471044778823853,
  "rho_true_std": 0.23309622704982758
}