{
  "num_total": 32,
  "num_active": 23,
  "prop_active": 0.71875,
  "num_grid_like": 23,
  "prop_grid_like_in_active": 1.0,
  "mean_spacing_grid_like": 26.781022196649996,
  "rho_true_mean": 1.485365867614746,
  "rho_true_std": 0.1640295386314392
}