{
  "num_total": 32,
  "num_active": 27,
  "prop_active": 0.84375,
  "num_grid_like": 11,
  "prop_grid_like_in_active": 0.4074074074074074,
  "mean_spacing_grid_like": 31.346593654874333,
  "rho_true_mean": 1.2990409135818481,
  "rho_true_std": 0.14032427966594696
}