{
  "num_total": 32,
  "num_active": 23,
  "prop_active": 0.71875,
  "num_grid_like": 13,
  "prop_grid_like_in_active": 0.5652173913043478,
  "mean_spacing_grid_like": 25.967890383957176,
  "rho_true_mean": 1.7186506986618042,
  "rho_true_std": 0.3160193860530853
}