{
  "num_total": 32,
  "num_active": 24,
  "prop_active": 0.75,
  "num_grid_like": 24,
  "prop_grid_like_in_active": 1.0,
  "mean_spacing_grid_like": 29.06522368958717,
  "rho_true_mean": 1.40398108959198,
  "rho_true_std": 0.14612770080566406
}