{
  "num_total": 32,
  "num_active": 23,
  "prop_active": 0.71875,
  "num_grid_like": 23,
  "prop_grid_like_in_active": 1.0,
  "mean_spacing_grid_like": 27.931513633870065,
  "rho_true_mean": 1.4130654335021973,
  "rho_true_std": 0.1474793404340744
}