{
  "num_total": 32,
  "num_active": 23,
  "prop_active": 0.71875,
  "num_grid_like": 14,
  "prop_grid_like_in_active": 0.6086956521739131,
  "mean_spacing_grid_like": 25.766635420171713,
  "rho_true_mean": 1.624863624572754,
  "rho_true_std": 0.2280559539794922
}