{
  "num_total": 32,
  "num_active": 27,
  "prop_active": 0.84375,
  "num_grid_like": 12,
  "prop_grid_like_in_active": 0.4444444444444444,
  "mean_spacing_grid_like": 24.82057225376076,
  "rho_true_mean": 1.6056281328201294,
  "rho_true_std": 0.32268890738487244
}