{
  "num_total": 32,
  "num_active": 24,
  "prop_active": 0.75,
  "num_grid_like": 15,
  "prop_grid_like_in_active": 0.625,
  "mean_spacing_grid_like": 26.580135543675073,
  "rho_true_mean": 1.5688858032226562,
  "rho_true_std": 0.20434963703155518
}