{
  "num_total": 32,
  "num_active": 22,
  "prop_active": 0.6875,
  "num_grid_like": 22,
  "prop_grid_like_in_active": 1.0,
  "mean_spacing_grid_like": 24.02654739974542,
  "rho_true_mean": 1.576814889907837,
  "rho_true_std": 0.17373815178871155
}