{
  "num_total": 32,
  "num_active": 23,
  "prop_active": 0.71875,
  "num_grid_like": 16,
  "prop_grid_like_in_active": 0.6956521739130435,
  "mean_spacing_grid_like": 25.78413053546715,
  "rho_true_mean": 1.5703321695327759,
  "rho_true_std": 0.2047397792339325
}