{
  "num_total": 32,
  "num_active": 26,
  "prop_active": 0.8125,
  "num_grid_like": 10,
  "prop_grid_like_in_active": 0.38461538461538464,
  "mean_spacing_grid_like": 24.998690667112626,
  "rho_true_mean": 1.5876355171203613,
  "rho_true_std": 0.2792070508003235
}