{
  "num_total": 32,
  "num_active": 28,
  "prop_active": 0.875,
  "num_grid_like": 28,
  "prop_grid_like_in_active": 1.0,
  "mean_spacing_grid_like": 24.19254053349124,
  "rho_true_mean": 1.7328823804855347,
  "rho_true_std": 0.22481252253055573
}