{
  "num_total": 32,
  "num_active": 21,
  "prop_active": 0.65625,
  "num_grid_like": 14,
  "prop_grid_like_in_active": 0.6666666666666666,
  "mean_spacing_grid_like": 23.814906767507495,
  "rho_true_mean": 1.7801196575164795,
  "rho_true_std": 0.30110669136047363
}