{
  "num_total": 32,
  "num_active": 24,
  "prop_active": 0.75,
  "num_grid_like": 24,
  "prop_grid_like_in_active": 1.0,
  "mean_spacing_grid_like": 29.845742516728865,
  "rho_true_mean": 1.4039313793182373,
  "rho_true_std": 0.1340898871421814
}