{
  "num_total": 32,
  "num_active": 25,
  "prop_active": 0.78125,
  "num_grid_like": 15,
  "prop_grid_like_in_active": 0.6,
  "mean_spacing_grid_like": 29.01657202496806,
  "rho_true_mean": 1.414506435394287,
  "rho_true_std": 0.17997071146965027
}