{
  "num_total": 32,
  "num_active": 26,
  "prop_active": 0.8125,
  "num_grid_like": 26,
  "prop_grid_like_in_active": 1.0,
  "mean_spacing_grid_like": 28.638412898302462,
  "rho_true_mean": 1.3832504749298096,
  "rho_true_std": 0.11709709465503693
}