{
  "num_total": 32,
  "num_active": 21,
  "prop_active": 0.65625,
  "num_grid_like": 21,
  "prop_grid_like_in_active": 1.0,
  "mean_spacing_grid_like": 24.394670736368013,
  "rho_true_mean": 1.6166082620620728,
  "rho_true_std": 0.23184533417224884
}