{
  "num_total": 32,
  "num_active": 27,
  "prop_active": 0.84375,
  "num_grid_like": 27,
  "prop_grid_like_in_active": 1.0,
  "mean_spacing_grid_like": 26.24990514479371,
  "rho_true_mean": 1.5800187587738037,
  "rho_true_std": 0.15135814249515533
}