{
  "num_total": 32,
  "num_active": 24,
  "prop_active": 0.75,
  "num_grid_like": 23,
  "prop_grid_like_in_active": 0.9583333333333334,
  "mean_spacing_grid_like": 25.535522177754814,
  "rho_true_mean": 1.623462200164795,
  "rho_true_std": 0.18920783698558807
}