{
  "num_total": 32,
  "num_active": 27,
  "prop_active": 0.84375,
  "num_grid_like": 6,
  "prop_grid_like_in_active": 0.2222222222222222,
  "mean_spacing_grid_like": 31.93942325830189,
  "rho_true_mean": 1.2800556421279907,
  "rho_true_std": 0.14281363785266876
}