{
  "num_total": 32,
  "num_active": 25,
  "prop_active": 0.78125,
  "num_grid_like": 13,
  "prop_grid_like_in_active": 0.52,
  "mean_spacing_grid_like": 27.856396480451487,
  "rho_true_mean": 1.5000998973846436,
  "rho_true_std": 0.17639489471912384
}