{
  "num_total": 32,
  "num_active": 23,
  "prop_active": 0.71875,
  "num_grid_like": 20,
  "prop_grid_like_in_active": 0.8695652173913043,
  "mean_spacing_grid_like": 24.744090820592927,
  "rho_true_mean": 1.6022274494171143,
  "rho_true_std": 0.2278229296207428
}