{
  "num_total": 32,
  "num_active": 29,
  "prop_active": 0.90625,
  "num_grid_like": 5,
  "prop_grid_like_in_active": 0.1724137931034483,
  "mean_spacing_grid_like": 30.25943462273532,
  "rho_true_mean": 1.348512053489685,
  "rho_true_std": 0.17662766575813293
}