{
  "num_total": 32,
  "num_active": 23,
  "prop_active": 0.71875,
  "num_grid_like": 17,
  "prop_grid_like_in_active": 0.7391304347826086,
  "mean_spacing_grid_like": 25.17103270170519,
  "rho_true_mean": 1.5879327058792114,
  "rho_true_std": 0.18834422528743744
}