{
  "num_total": 32,
  "num_active": 25,
  "prop_active": 0.78125,
  "num_grid_like": 23,
  "prop_grid_like_in_active": 0.92,
  "mean_spacing_grid_like": 25.19593932479485,
  "rho_true_mean": 1.6322497129440308,
  "rho_true_std": 0.1736023873090744
}