{
  "num_total": 32,
  "num_active": 27,
  "prop_active": 0.84375,
  "num_grid_like": 13,
  "prop_grid_like_in_active": 0.48148148148148145,
  "mean_spacing_grid_like": 25.855753006031783,
  "rho_true_mean": 1.5897780656814575,
  "rho_true_std": 0.21640262007713318
}