{
  "num_total": 32,
  "num_active": 28,
  "prop_active": 0.875,
  "num_grid_like": 11,
  "prop_grid_like_in_active": 0.39285714285714285,
  "mean_spacing_grid_like": 26.65634749188587,
  "rho_true_mean": 1.4900987148284912,
  "rho_true_std": 0.19871972501277924
}