{
  "num_total": 32,
  "num_active": 27,
  "prop_active": 0.84375,
  "num_grid_like": 13,
  "prop_grid_like_in_active": 0.48148148148148145,
  "mean_spacing_grid_like": 29.7247765497465,
  "rho_true_mean": 1.4171040058135986,
  "rho_true_std": 0.1555841714143753
}