{
  "num_total": 32,
  "num_active": 26,
  "prop_active": 0.8125,
  "num_grid_like": 26,
  "prop_grid_like_in_active": 1.0,
  "mean_spacing_grid_like": 25.573280875629813,
  "rho_true_mean": 1.561834454536438,
  "rho_true_std": 0.1794285625219345
}