{
  "num_total": 32,
  "num_active": 24,
  "prop_active": 0.75,
  "num_grid_like": 24,
  "prop_grid_like_in_active": 1.0,
  "mean_spacing_grid_like": 25.47227252471571,
  "rho_true_mean": 1.5687925815582275,
  "rho_true_std": 0.15910793840885162
}