{
  "num_total": 32,
  "num_active": 23,
  "prop_active": 0.71875,
  "num_grid_like": 17,
  "prop_grid_like_in_active": 0.7391304347826086,
  "mean_spacing_grid_like": 28.93385603967246,
  "rho_true_mean": 1.445841908454895,
  "rho_true_std": 0.22439821064472198
}