{
  "num_total": 32,
  "num_active": 23,
  "prop_active": 0.71875,
  "num_grid_like": 19,
  "prop_grid_like_in_active": 0.8260869565217391,
  "mean_spacing_grid_like": 28.68320630765449,
  "rho_true_mean": 1.474745273590088,
  "rho_true_std": 0.1851707100868225
}