{
  "num_total": 32,
  "num_active": 22,
  "prop_active": 0.6875,
  "num_grid_like": 21,
  "prop_grid_like_in_active": 0.9545454545454546,
  "mean_spacing_grid_like": 24.896841077258863,
  "rho_true_mean": 1.6798003911972046,
  "rho_true_std": 0.20465072989463806
}