{
  "num_total": 32,
  "num_active": 28,
  "prop_active": 0.875,
  "num_grid_like": 26,
  "prop_grid_like_in_active": 0.9285714285714286,
  "mean_spacing_grid_like": 25.57233194295975,
  "rho_true_mean": 1.6728264093399048,
  "rho_true_std": 0.17056292295455933
}