{
  "num_total": 32,
  "num_active": 22,
  "prop_active": 0.6875,
  "num_grid_like": 6,
  "prop_grid_like_in_active": 0.2727272727272727,
  "mean_spacing_grid_like": 24.344866699837784,
  "rho_true_mean": 1.770849347114563,
  "rho_true_std": 0.4853116273880005
}