{
  "num_total": 32,
  "num_active": 25,
  "prop_active": 0.78125,
  "num_grid_like": 4,
  "prop_grid_like_in_active": 0.16,
  "mean_spacing_grid_like": 29.00374217302258,
  "rho_true_mean": 1.4045476913452148,
  "rho_true_std": 0.1947590857744217
}