{
  "num_total": 32,
  "num_active": 21,
  "prop_active": 0.65625,
  "num_grid_like": 2,
  "prop_grid_like_in_active": 0.09523809523809523,
  "mean_spacing_grid_like": 27.203315830490826,
  "rho_true_mean": 1.5308575630187988,
  "rho_true_std": 0.43534111976623535
}