{
  "num_total": 32,
  "num_active": 23,
  "prop_active": 0.71875,
  "num_grid_like": 22,
  "prop_grid_like_in_active": 0.9565217391304348,
  "mean_spacing_grid_like": 25.12227635033524,
  "rho_true_mean": 1.7615628242492676,
  "rho_true_std": 0.2590290606021881
}