{
  "num_total": 32,
  "num_active": 25,
  "prop_active": 0.78125,
  "num_grid_like": 2,
  "prop_grid_like_in_active": 0.08,
  "mean_spacing_grid_like": 22.19523900714067,
  "rho_true_mean": 1.8173264265060425,
  "rho_true_std": 0.4913409352302551
}