{
  "num_total": 32,
  "num_active": 28,
  "prop_active": 0.875,
  "num_grid_like": 26,
  "prop_grid_like_in_active": 0.9285714285714286,
  "mean_spacing_grid_like": 25.2084363233538,
  "rho_true_mean": 1.7411839962005615,
  "rho_true_std": 0.20307406783103943
}