{
  "num_total": 32,
  "num_active": 25,
  "prop_active": 0.78125,
  "num_grid_like": 11,
  "prop_grid_like_in_active": 0.44,
  "mean_spacing_grid_like": 29.009524759811555,
  "rho_true_mean": 1.5171961784362793,
  "rho_true_std": 0.21211504936218262
}