{
  "num_total": 32,
  "num_active": 24,
  "prop_active": 0.75,
  "num_grid_like": 14,
  "prop_grid_like_in_active": 0.5833333333333334,
  "mean_spacing_grid_like": 24.8113526995445,
  "rho_true_mean": 1.626044750213623,
  "rho_true_std": 0.23403063416481018
}