{
  "num_total": 32,
  "num_active": 25,
  "prop_active": 0.78125,
  "num_grid_like": 11,
  "prop_grid_like_in_active": 0.44,
  "mean_spacing_grid_like": 25.939811737981472,
  "rho_true_mean": 1.7139276266098022,
  "rho_true_std": 0.3434188961982727
}