{
  "num_total": 32,
  "num_active": 30,
  "prop_active": 0.9375,
  "num_grid_like": 1,
  "prop_grid_like_in_active": 0.03333333333333333,
  "mean_spacing_grid_like": 27.40152586871514,
  "rho_true_mean": 1.4240946769714355,
  "rho_true_std": 0.2150537371635437
}