{
  "num_total": 32,
  "num_active": 22,
  "prop_active": 0.6875,
  "num_grid_like": 17,
  "prop_grid_like_in_active": 0.7727272727272727,
  "mean_spacing_grid_like": 24.856020763321713,
  "rho_true_mean": 1.734654188156128,
  "rho_true_std": 0.31967824697494507
}