{
  "num_total": 32,
  "num_active": 28,
  "prop_active": 0.875,
  "num_grid_like": 13,
  "prop_grid_like_in_active": 0.4642857142857143,
  "mean_spacing_grid_like": 25.078250792711096,
  "rho_true_mean": 1.6503355503082275,
  "rho_true_std": 0.2656306326389313
}