{
  "num_total": 32,
  "num_active": 25,
  "prop_active": 0.78125,
  "num_grid_like": 18,
  "prop_grid_like_in_active": 0.72,
  "mean_spacing_grid_like": 25.019299020866615,
  "rho_true_mean": 1.644855260848999,
  "rho_true_std": 0.2613312005996704
}