{
  "num_total": 32,
  "num_active": 26,
  "prop_active": 0.8125,
  "num_grid_like": 26,
  "prop_grid_like_in_active": 1.0,
  "mean_spacing_grid_like": 31.909119415230357,
  "rho_true_mean": 1.3171908855438232,
  "rho_true_std": 0.11123808473348618
}