{
  "num_total": 32,
  "num_active": 23,
  "prop_active": 0.71875,
  "num_grid_like": 15,
  "prop_grid_like_in_active": 0.6521739130434783,
  "mean_spacing_grid_like": 30.885780007245437,
  "rho_true_mean": 1.328070044517517,
  "rho_true_std": 0.1523258537054062
}