{
  "num_total": 32,
  "num_active": 24,
  "prop_active": 0.75,
  "num_grid_like": 6,
  "prop_grid_like_in_active": 0.25,
  "mean_spacing_grid_like": 26.809059634565624,
  "rho_true_mean": 1.3938353061676025,
  "rho_true_std": 0.16333720088005066
}