{
  "num_total": 32,
  "num_active": 26,
  "prop_active": 0.8125,
  "num_grid_like": 13,
  "prop_grid_like_in_active": 0.5,
  "mean_spacing_grid_like": 29.884374393804535,
  "rho_true_mean": 1.2993056774139404,
  "rho_true_std": 0.13653682172298431
}