{
  "num_total": 32,
  "num_active": 25,
  "prop_active": 0.78125,
  "num_grid_like": 6,
  "prop_grid_like_in_active": 0.24,
  "mean_spacing_grid_like": 25.80936047166144,
  "rho_true_mean": 1.5624860525131226,
  "rho_true_std": 0.29682496190071106
}