{
  "num_total": 32,
  "num_active": 23,
  "prop_active": 0.71875,
  "num_grid_like": 21,
  "prop_grid_like_in_active": 0.9130434782608695,
  "mean_spacing_grid_like": 25.160070424141992,
  "rho_true_mean": 1.6862165927886963,
  "rho_true_std": 0.21920816600322723
}