{
  "num_total": 32,
  "num_active": 21,
  "prop_active": 0.65625,
  "num_grid_like": 19,
  "prop_grid_like_in_active": 0.9047619047619048,
  "mean_spacing_grid_like": 25.928615781910263,
  "rho_true_mean": 1.5849242210388184,
  "rho_true_std": 0.22307494282722473
}