{
  "num_total": 32,
  "num_active": 21,
  "prop_active": 0.65625,
  "num_grid_like": 8,
  "prop_grid_like_in_active": 0.38095238095238093,
  "mean_spacing_grid_like": 24.087859150077264,
  "rho_true_mean": 1.71059250831604,
  "rho_true_std": 0.3728230595588684
}