{
  "num_total": 32,
  "num_active": 21,
  "prop_active": 0.65625,
  "num_grid_like": 21,
  "prop_grid_like_in_active": 1.0,
  "mean_spacing_grid_like": 25.69946788246819,
  "rho_true_mean": 1.5627329349517822,
  "rho_true_std": 0.16617363691329956
}