{
  "num_total": 32,
  "num_active": 24,
  "prop_active": 0.75,
  "num_grid_like": 14,
  "prop_grid_like_in_active": 0.5833333333333334,
  "mean_spacing_grid_like": 28.89206581235057,
  "rho_true_mean": 1.449115514755249,
  "rho_true_std": 0.22695058584213257
}