{
  "num_total": 32,
  "num_active": 26,
  "prop_active": 0.8125,
  "num_grid_like": 26,
  "prop_grid_like_in_active": 1.0,
  "mean_spacing_grid_like": 31.257629117373117,
  "rho_true_mean": 1.3139890432357788,
  "rho_true_std": 0.12921401858329773
}