{
  "num_total": 32,
  "num_active": 25,
  "prop_active": 0.78125,
  "num_grid_like": 10,
  "prop_grid_like_in_active": 0.4,
  "mean_spacing_grid_like": 27.797885417892353,
  "rho_true_mean": 1.5576138496398926,
  "rho_true_std": 0.21288424730300903
}