{
  "num_total": 32,
  "num_active": 26,
  "prop_active": 0.8125,
  "num_grid_like": 26,
  "prop_grid_like_in_active": 1.0,
  "mean_spacing_grid_like": 28.01749736504174,
  "rho_true_mean": 1.471503734588623,
  "rho_true_std": 0.15137407183647156
}