{
  "num_total": 32,
  "num_active": 20,
  "prop_active": 0.625,
  "num_grid_like": 18,
  "prop_grid_like_in_active": 0.9,
  "mean_spacing_grid_like": 24.586330381578236,
  "rho_true_mean": 1.6625854969024658,
  "rho_true_std": 0.24204541742801666
}