{
  "num_total": 32,
  "num_active": 23,
  "prop_active": 0.71875,
  "num_grid_like": 15,
  "prop_grid_like_in_active": 0.6521739130434783,
  "mean_spacing_grid_like": 29.131319187322337,
  "rho_true_mean": 1.5298123359680176,
  "rho_true_std": 0.25517964363098145
}