{
  "num_total": 32,
  "num_active": 19,
  "prop_active": 0.59375,
  "num_grid_like": 0,
  "prop_grid_like_in_active": 0.0,
  "mean_spacing_grid_like": 0.0,
  "rho_true_mean": 0.0017856782069429755,
  "rho_true_std": 0.001681014196947217
}