{
  "num_total": 32,
  "num_active": 27,
  "prop_active": 0.84375,
  "num_grid_like": 10,
  "prop_grid_like_in_active": 0.37037037037037035,
  "mean_spacing_grid_like": 30.2544969297644,
  "rho_true_mean": 1.3095245361328125,
  "rho_true_std": 0.14622537791728973
}