{
  "num_total": 32,
  "num_active": 26,
  "prop_active": 0.8125,
  "num_grid_like": 16,
  "prop_grid_like_in_active": 0.6153846153846154,
  "mean_spacing_grid_like": 27.798012495309244,
  "rho_true_mean": 1.510251760482788,
  "rho_true_std": 0.18118597567081451
}