{
  "num_total": 32,
  "num_active": 28,
  "prop_active": 0.875,
  "num_grid_like": 12,
  "prop_grid_like_in_active": 0.42857142857142855,
  "mean_spacing_grid_like": 25.30770506906092,
  "rho_true_mean": 1.6832307577133179,
  "rho_true_std": 0.2715316712856293
}