{
  "num_total": 32,
  "num_active": 26,
  "prop_active": 0.8125,
  "num_grid_like": 26,
  "prop_grid_like_in_active": 1.0,
  "mean_spacing_grid_like": 24.755260914778713,
  "rho_true_mean": 1.7204844951629639,
  "rho_true_std": 0.1980624794960022
}