{
  "num_total": 32,
  "num_active": 24,
  "prop_active": 0.75,
  "num_grid_like": 24,
  "prop_grid_like_in_active": 1.0,
  "mean_spacing_grid_like": 31.27582543779053,
  "rho_true_mean": 1.3025943040847778,
  "rho_true_std": 0.12959498167037964
}