{
  "num_total": 32,
  "num_active": 22,
  "prop_active": 0.6875,
  "num_grid_like": 14,
  "prop_grid_like_in_active": 0.6363636363636364,
  "mean_spacing_grid_like": 25.42126182885225,
  "rho_true_mean": 1.558361291885376,
  "rho_true_std": 0.2113373577594757
}