{
  "num_total": 32,
  "num_active": 24,
  "prop_active": 0.75,
  "num_grid_like": 24,
  "prop_grid_like_in_active": 1.0,
  "mean_spacing_grid_like": 29.811529236147653,
  "rho_true_mean": 1.4040634632110596,
  "rho_true_std": 0.12919890880584717
}