{
  "num_total": 32,
  "num_active": 25,
  "prop_active": 0.78125,
  "num_grid_like": 25,
  "prop_grid_like_in_active": 1.0,
  "mean_spacing_grid_like": 29.077173143355026,
  "rho_true_mean": 1.4037940502166748,
  "rho_true_std": 0.13826239109039307
}