{
  "num_total": 32,
  "num_active": 24,
  "prop_active": 0.75,
  "num_grid_like": 23,
  "prop_grid_like_in_active": 0.9583333333333334,
  "mean_spacing_grid_like": 24.239101447620314,
  "rho_true_mean": 1.713228702545166,
  "rho_true_std": 0.25297415256500244
}