{
  "num_total": 32,
  "num_active": 20,
  "prop_active": 0.625,
  "num_grid_like": 20,
  "prop_grid_like_in_active": 1.0,
  "mean_spacing_grid_like": 25.255279282508752,
  "rho_true_mean": 1.6943926811218262,
  "rho_true_std": 0.3771226406097412
}