{
  "num_total": 32,
  "num_active": 23,
  "prop_active": 0.71875,
  "num_grid_like": 14,
  "prop_grid_like_in_active": 0.6086956521739131,
  "mean_spacing_grid_like": 25.131704283061662,
  "rho_true_mean": 1.5969499349594116,
  "rho_true_std": 0.22033198177814484
}