{
  "num_total": 32,
  "num_active": 25,
  "prop_active": 0.78125,
  "num_grid_like": 12,
  "prop_grid_like_in_active": 0.48,
  "mean_spacing_grid_like": 26.127860800176673,
  "rho_true_mean": 1.497129201889038,
  "rho_true_std": 0.20599156618118286
}