{
  "num_total": 32,
  "num_active": 25,
  "prop_active": 0.78125,
  "num_grid_like": 13,
  "prop_grid_like_in_active": 0.52,
  "mean_spacing_grid_like": 26.51205707285569,
  "rho_true_mean": 1.601854681968689,
  "rho_true_std": 0.21334752440452576
}