{
  "num_total": 32,
  "num_active": 23,
  "prop_active": 0.71875,
  "num_grid_like": 11,
  "prop_grid_like_in_active": 0.4782608695652174,
  "mean_spacing_grid_like": 24.46268571164302,
  "rho_true_mean": 1.6904351711273193,
  "rho_true_std": 0.3191940486431122
}