{
  "num_total": 32,
  "num_active": 25,
  "prop_active": 0.78125,
  "num_grid_like": 15,
  "prop_grid_like_in_active": 0.6,
  "mean_spacing_grid_like": 30.205188235891477,
  "rho_true_mean": 1.4214422702789307,
  "rho_true_std": 0.16277506947517395
}