{
  "num_total": 32,
  "num_active": 25,
  "prop_active": 0.78125,
  "num_grid_like": 23,
  "prop_grid_like_in_active": 0.92,
  "mean_spacing_grid_like": 25.209814568503326,
  "rho_true_mean": 1.6535319089889526,
  "rho_true_std": 0.17962507903575897
}