{
  "num_total": 32,
  "num_active": 25,
  "prop_active": 0.78125,
  "num_grid_like": 25,
  "prop_grid_like_in_active": 1.0,
  "mean_spacing_grid_like": 26.615522419630242,
  "rho_true_mean": 1.5189592838287354,
  "rho_true_std": 0.15244229137897491
}