{
  "num_total": 32,
  "num_active": 23,
  "prop_active": 0.71875,
  "num_grid_like": 0,
  "prop_grid_like_in_active": 0.0,
  "mean_spacing_grid_like": 0.0,
  "rho_true_mean": 0.09937334060668945,
  "rho_true_std": 0.054264482110738754
}