{
  "num_total": 32,
  "num_active": 24,
  "prop_active": 0.75,
  "num_grid_like": 16,
  "prop_grid_like_in_active": 0.6666666666666666,
  "mean_spacing_grid_like": 24.389933447049977,
  "rho_true_mean": 1.7506768703460693,
  "rho_true_std": 0.283494234085083
}