{
  "num_total": 32,
  "num_active": 24,
  "prop_active": 0.75,
  "num_grid_like": 22,
  "prop_grid_like_in_active": 0.9166666666666666,
  "mean_spacing_grid_like": 26.636344709917957,
  "rho_true_mean": 1.5638790130615234,
  "rho_true_std": 0.1556510478258133
}