{
  "num_total": 32,
  "num_active": 21,
  "prop_active": 0.65625,
  "num_grid_like": 20,
  "prop_grid_like_in_active": 0.9523809523809523,
  "mean_spacing_grid_like": 24.938955754346416,
  "rho_true_mean": 1.7049837112426758,
  "rho_true_std": 0.3395363390445709
}