{
  "num_total": 32,
  "num_active": 26,
  "prop_active": 0.8125,
  "num_grid_like": 26,
  "prop_grid_like_in_active": 1.0,
  "mean_spacing_grid_like": 29.235778360684797,
  "rho_true_mean": 1.4039080142974854,
  "rho_true_std": 0.1407243013381958
}