{
  "num_total": 32,
  "num_active": 27,
  "prop_active": 0.84375,
  "num_grid_like": 24,
  "prop_grid_like_in_active": 0.8888888888888888,
  "mean_spacing_grid_like": 26.0609837560899,
  "rho_true_mean": 1.6188066005706787,
  "rho_true_std": 0.17350931465625763
}