{
  "num_total": 32,
  "num_active": 25,
  "prop_active": 0.78125,
  "num_grid_like": 9,
  "prop_grid_like_in_active": 0.36,
  "mean_spacing_grid_like": 28.512374999424463,
  "rho_true_mean": 1.396560549736023,
  "rho_true_std": 0.16719107329845428
}