{
  "num_total": 32,
  "num_active": 22,
  "prop_active": 0.6875,
  "num_grid_like": 18,
  "prop_grid_like_in_active": 0.8181818181818182,
  "mean_spacing_grid_like": 26.13236775708404,
  "rho_true_mean": 1.7687515020370483,
  "rho_true_std": 0.3253028988838196
}