{
  "num_total": 32,
  "num_active": 21,
  "prop_active": 0.65625,
  "num_grid_like": 15,
  "prop_grid_like_in_active": 0.7142857142857143,
  "mean_spacing_grid_like": 25.271132114343462,
  "rho_true_mean": 1.7232075929641724,
  "rho_true_std": 0.35268110036849976
}