{
  "num_total": 32,
  "num_active": 19,
  "prop_active": 0.59375,
  "num_grid_like": 10,
  "prop_grid_like_in_active": 0.5263157894736842,
  "mean_spacing_grid_like": 25.44399017100367,
  "rho_true_mean": 1.673494577407837,
  "rho_true_std": 0.41642993688583374
}