{
  "num_total": 32,
  "num_active": 26,
  "prop_active": 0.8125,
  "num_grid_like": 14,
  "prop_grid_like_in_active": 0.5384615384615384,
  "mean_spacing_grid_like": 25.838358783017895,
  "rho_true_mean": 1.6303339004516602,
  "rho_true_std": 0.2403588891029358
}