{
  "num_total": 32,
  "num_active": 24,
  "prop_active": 0.75,
  "num_grid_like": 10,
  "prop_grid_like_in_active": 0.4166666666666667,
  "mean_spacing_grid_like": 25.705893730032653,
  "rho_true_mean": 1.6984827518463135,
  "rho_true_std": 0.32556232810020447
}