{
  "num_total": 32,
  "num_active": 21,
  "prop_active": 0.65625,
  "num_grid_like": 16,
  "prop_grid_like_in_active": 0.7619047619047619,
  "mean_spacing_grid_like": 24.540703367184086,
  "rho_true_mean": 1.720433235168457,
  "rho_true_std": 0.2898872196674347
}