{
  "num_total": 32,
  "num_active": 18,
  "prop_active": 0.5625,
  "num_grid_like": 16,
  "prop_grid_like_in_active": 0.8888888888888888,
  "mean_spacing_grid_like": 26.36572609370168,
  "rho_true_mean": 1.7228243350982666,
  "rho_true_std": 0.4956427216529846
}