{
  "num_total": 32,
  "num_active": 23,
  "prop_active": 0.71875,
  "num_grid_like": 21,
  "prop_grid_like_in_active": 0.9130434782608695,
  "mean_spacing_grid_like": 25.305539560051198,
  "rho_true_mean": 1.6783626079559326,
  "rho_true_std": 0.1976338028907776
}