{
  "num_total": 32,
  "num_active": 24,
  "prop_active": 0.75,
  "num_grid_like": 2,
  "prop_grid_like_in_active": 0.08333333333333333,
  "mean_spacing_grid_like": 24.128680969227332,
  "rho_true_mean": 2.112396717071533,
  "rho_true_std": 1.1526235342025757
}