{
  "num_total": 32,
  "num_active": 25,
  "prop_active": 0.78125,
  "num_grid_like": 12,
  "prop_grid_like_in_active": 0.48,
  "mean_spacing_grid_like": 25.873454322011217,
  "rho_true_mean": 1.5845844745635986,
  "rho_true_std": 0.21701079607009888
}