{
  "num_total": 32,
  "num_active": 28,
  "prop_active": 0.875,
  "num_grid_like": 27,
  "prop_grid_like_in_active": 0.9642857142857143,
  "mean_spacing_grid_like": 25.498979508373605,
  "rho_true_mean": 1.6771410703659058,
  "rho_true_std": 0.16579607129096985
}