{
  "num_total": 32,
  "num_active": 24,
  "prop_active": 0.75,
  "num_grid_like": 17,
  "prop_grid_like_in_active": 0.7083333333333334,
  "mean_spacing_grid_like": 25.273736329556467,
  "rho_true_mean": 1.7077858448028564,
  "rho_true_std": 0.25375109910964966
}