{
  "num_total": 32,
  "num_active": 21,
  "prop_active": 0.65625,
  "num_grid_like": 8,
  "prop_grid_like_in_active": 0.38095238095238093,
  "mean_spacing_grid_like": 31.88362694963798,
  "rho_true_mean": 1.2713768482208252,
  "rho_true_std": 0.18128982186317444
}