{
  "num_total": 32,
  "num_active": 22,
  "prop_active": 0.6875,
  "num_grid_like": 22,
  "prop_grid_like_in_active": 1.0,
  "mean_spacing_grid_like": 27.996316728574673,
  "rho_true_mean": 1.4028503894805908,
  "rho_true_std": 0.14086602628231049
}