{
  "num_total": 32,
  "num_active": 24,
  "prop_active": 0.75,
  "num_grid_like": 12,
  "prop_grid_like_in_active": 0.5,
  "mean_spacing_grid_like": 29.884294389723706,
  "rho_true_mean": 1.291738748550415,
  "rho_true_std": 0.1467927247285843
}