{
  "num_total": 32,
  "num_active": 25,
  "prop_active": 0.78125,
  "num_grid_like": 1,
  "prop_grid_like_in_active": 0.04,
  "mean_spacing_grid_like": 29.985258043486095,
  "rho_true_mean": 1.230719804763794,
  "rho_true_std": 0.14859546720981598
}