{
  "num_total": 32,
  "num_active": 25,
  "prop_active": 0.78125,
  "num_grid_like": 25,
  "prop_grid_like_in_active": 1.0,
  "mean_spacing_grid_like": 31.892049247359772,
  "rho_true_mean": 1.3042418956756592,
  "rho_true_std": 0.11753086745738983
}