{
  "num_total": 32,
  "num_active": 24,
  "prop_active": 0.75,
  "num_grid_like": 24,
  "prop_grid_like_in_active": 1.0,
  "mean_spacing_grid_like": 28.662270456278648,
  "rho_true_mean": 1.4060778617858887,
  "rho_true_std": 0.12855005264282227
}