{
  "num_total": 32,
  "num_active": 19,
  "prop_active": 0.59375,
  "num_grid_like": 17,
  "prop_grid_like_in_active": 0.8947368421052632,
  "mean_spacing_grid_like": 26.261147193946403,
  "rho_true_mean": 1.700088620185852,
  "rho_true_std": 0.29413580894470215
}