{
  "num_total": 32,
  "num_active": 23,
  "prop_active": 0.71875,
  "num_grid_like": 23,
  "prop_grid_like_in_active": 1.0,
  "mean_spacing_grid_like": 27.500655597768652,
  "rho_true_mean": 1.4778587818145752,
  "rho_true_std": 0.14857561886310577
}