{
  "num_total": 32,
  "num_active": 27,
  "prop_active": 0.84375,
  "num_grid_like": 3,
  "prop_grid_like_in_active": 0.1111111111111111,
  "mean_spacing_grid_like": 25.648564893086302,
  "rho_true_mean": 1.492079496383667,
  "rho_true_std": 0.22216729819774628
}