{
  "num_total": 32,
  "num_active": 17,
  "prop_active": 0.53125,
  "num_grid_like": 4,
  "prop_grid_like_in_active": 0.23529411764705882,
  "mean_spacing_grid_like": 28.312529505043397
}