{
  "num_total": 32,
  "num_active": 15,
  "prop_active": 0.46875,
  "num_grid_like": 1,
  "prop_grid_like_in_active": 0.06666666666666667,
  "mean_spacing_grid_like": 28.69207317528503
}