{
  "num_total": 32,
  "num_active": 10,
  "prop_active": 0.3125,
  "num_grid_like": 9,
  "prop_grid_like_in_active": 0.9,
  "mean_spacing_grid_like": 26.991192638617058,
  "rho_true_mean": 0.7579514384269714,
  "rho_true_std": 0.07383973151445389
}