{
  "num_total": 32,
  "num_active": 8,
  "prop_active": 0.25,
  "num_grid_like": 2,
  "prop_grid_like_in_active": 0.25,
  "mean_spacing_grid_like": 25.073252137423104,
  "rho_true_mean": 0.6840032339096069,
  "rho_true_std": 0.07281990349292755
}