{
  "num_total": 32,
  "num_active": 10,
  "prop_active": 0.3125,
  "num_grid_like": 7,
  "prop_grid_like_in_active": 0.7,
  "mean_spacing_grid_like": 27.632198415595834,
  "rho_true_mean": 0.7814617156982422,
  "rho_true_std": 0.07807166129350662
}