{
  "num_total": 32,
  "num_active": 13,
  "prop_active": 0.40625,
  "num_grid_like": 9,
  "prop_grid_like_in_active": 0.6923076923076923,
  "mean_spacing_grid_like": 27.766131707510198,
  "rho_true_mean": 0.8252395391464233,
  "rho_true_std": 0.08057403564453125
}