{
  "num_total": 32,
  "num_active": 8,
  "prop_active": 0.25,
  "num_grid_like": 3,
  "prop_grid_like_in_active": 0.375,
  "mean_spacing_grid_like": 25.927090391052676,
  "rho_true_mean": 0.6610849499702454,
  "rho_true_std": 0.06910140812397003
}