{
  "num_total": 32,
  "num_active": 11,
  "prop_active": 0.34375,
  "num_grid_like": 4,
  "prop_grid_like_in_active": 0.36363636363636365,
  "mean_spacing_grid_like": 26.358072581934582,
  "rho_true_mean": 0.7889546155929565,
  "rho_true_std": 0.07431470602750778
}