{
  "num_total": 32,
  "num_active": 13,
  "prop_active": 0.40625,
  "num_grid_like": 3,
  "prop_grid_like_in_active": 0.23076923076923078,
  "mean_spacing_grid_like": 25.069709525502233,
  "rho_true_mean": 0.6813010573387146,
  "rho_true_std": 0.06683511286973953
}