{
  "num_total": 32,
  "num_active": 9,
  "prop_active": 0.28125,
  "num_grid_like": 5,
  "prop_grid_like_in_active": 0.5555555555555556,
  "mean_spacing_grid_like": 26.768037071821347,
  "rho_true_mean": 0.7770360708236694,
  "rho_true_std": 0.08033164590597153
}