{
  "num_total": 32,
  "num_active": 13,
  "prop_active": 0.40625,
  "num_grid_like": 8,
  "prop_grid_like_in_active": 0.6153846153846154,
  "mean_spacing_grid_like": 26.788384789173453,
  "rho_true_mean": 0.7991176247596741,
  "rho_true_std": 0.07815907150506973
}