{
  "num_total": 32,
  "num_active": 13,
  "prop_active": 0.40625,
  "num_grid_like": 5,
  "prop_grid_like_in_active": 0.38461538461538464,
  "mean_spacing_grid_like": 26.732548702060775,
  "rho_true_mean": 0.7731410264968872,
  "rho_true_std": 0.07207142561674118
}