{
  "num_total": 32,
  "num_active": 9,
  "prop_active": 0.28125,
  "num_grid_like": 2,
  "prop_grid_like_in_active": 0.2222222222222222,
  "mean_spacing_grid_like": 25.340341529385654,
  "rho_true_mean": 0.654465913772583,
  "rho_true_std": 0.08634129166603088
}