{
  "num_total": 32,
  "num_active": 15,
  "prop_active": 0.46875,
  "num_grid_like": 7,
  "prop_grid_like_in_active": 0.4666666666666667,
  "mean_spacing_grid_like": 26.313651231219467,
  "rho_true_mean": 0.7680963277816772,
  "rho_true_std": 0.07028703391551971
}