{
  "num_total": 32,
  "num_active": 12,
  "prop_active": 0.375,
  "num_grid_like": 5,
  "prop_grid_like_in_active": 0.4166666666666667,
  "mean_spacing_grid_like": 27.121543497609174,
  "rho_true_mean": 0.7893346548080444,
  "rho_true_std": 0.07902330160140991
}