{
  "num_total": 32,
  "num_active": 13,
  "prop_active": 0.40625,
  "num_grid_like": 8,
  "prop_grid_like_in_active": 0.6153846153846154,
  "mean_spacing_grid_like": 27.083035759396463,
  "rho_true_mean": 0.8008018732070923,
  "rho_true_std": 0.068731889128685
}