{
  "num_total": 32,
  "num_active": 8,
  "prop_active": 0.25,
  "num_grid_like": 6,
  "prop_grid_like_in_active": 0.75,
  "mean_spacing_grid_like": 27.15960039211707,
  "rho_true_mean": 0.7600857019424438,
  "rho_true_std": 0.08112598955631256
}