{
  "num_total": 32,
  "num_active": 6,
  "prop_active": 0.1875,
  "num_grid_like": 1,
  "prop_grid_like_in_active": 0.16666666666666666,
  "mean_spacing_grid_like": 26.619939333460042,
  "rho_true_mean": 0.6600434184074402,
  "rho_true_std": 0.121684230864048
}