{
  "num_total": 32,
  "num_active": 10,
  "prop_active": 0.3125,
  "num_grid_like": 5,
  "prop_grid_like_in_active": 0.5,
  "mean_spacing_grid_like": 26.397241785314094,
  "rho_true_mean": 0.7787293195724487,
  "rho_true_std": 0.07241516560316086
}