{
  "num_total": 32,
  "num_active": 8,
  "prop_active": 0.25,
  "num_grid_like": 8,
  "prop_grid_like_in_active": 1.0,
  "mean_spacing_grid_like": 27.798663729331412,
  "rho_true_mean": 0.7640455961227417,
  "rho_true_std": 0.07058154791593552
}