{
  "num_total": 32,
  "num_active": 10,
  "prop_active": 0.3125,
  "num_grid_like": 3,
  "prop_grid_like_in_active": 0.3,
  "mean_spacing_grid_like": 25.497006259098697,
  "rho_true_mean": 0.7133804559707642,
  "rho_true_std": 0.07030493021011353
}