{
  "num_total": 32,
  "num_active": 10,
  "prop_active": 0.3125,
  "num_grid_like": 5,
  "prop_grid_like_in_active": 0.5,
  "mean_spacing_grid_like": 27.396306805193273,
  "rho_true_mean": 0.7784426212310791,
  "rho_true_std": 0.08259862661361694
}