{
  "num_total": 32,
  "num_active": 14,
  "prop_active": 0.4375,
  "num_grid_like": 6,
  "prop_grid_like_in_active": 0.42857142857142855,
  "mean_spacing_grid_like": 27.69713827104862,
  "rho_true_mean": 0.8017854690551758,
  "rho_true_std": 0.07692597061395645
}