{
  "num_total": 32,
  "num_active": 13,
  "prop_active": 0.40625,
  "num_grid_like": 4,
  "prop_grid_like_in_active": 0.3076923076923077,
  "mean_spacing_grid_like": 27.05199092871832,
  "rho_true_mean": 0.8084204196929932,
  "rho_true_std": 0.07484093308448792
}