{
  "num_total": 32,
  "num_active": 10,
  "prop_active": 0.3125,
  "num_grid_like": 2,
  "prop_grid_like_in_active": 0.2,
  "mean_spacing_grid_like": 25.46149569476379,
  "rho_true_mean": 0.6558125019073486,
  "rho_true_std": 0.06576264649629593
}