{
  "num_total": 32,
  "num_active": 14,
  "prop_active": 0.4375,
  "num_grid_like": 7,
  "prop_grid_like_in_active": 0.5,
  "mean_spacing_grid_like": 26.216732164797968,
  "rho_true_mean": 0.7802451848983765,
  "rho_true_std": 0.07001900672912598
}