{
  "num_total": 32,
  "num_active": 9,
  "prop_active": 0.28125,
  "num_grid_like": 5,
  "prop_grid_like_in_active": 0.5555555555555556,
  "mean_spacing_grid_like": 26.81667481529944,
  "rho_true_mean": 0.7562226057052612,
  "rho_true_std": 0.08002405613660812
}