{
  "num_total": 32,
  "num_active": 7,
  "prop_active": 0.21875,
  "num_grid_like": 7,
  "prop_grid_like_in_active": 1.0,
  "mean_spacing_grid_like": 27.60891704372359,
  "rho_true_mean": 0.7798014879226685,
  "rho_true_std": 0.07795438915491104
}