{
  "num_total": 32,
  "num_active": 12,
  "prop_active": 0.375,
  "num_grid_like": 2,
  "prop_grid_like_in_active": 0.16666666666666666,
  "mean_spacing_grid_like": 26.307002151829124,
  "rho_true_mean": 0.6915555000305176,
  "rho_true_std": 0.0654696449637413
}