{
  "num_total": 32,
  "num_active": 7,
  "prop_active": 0.21875,
  "num_grid_like": 1,
  "prop_grid_like_in_active": 0.14285714285714285,
  "mean_spacing_grid_like": 25.53793095021487,
  "rho_true_mean": 0.7029843330383301,
  "rho_true_std": 0.058618392795324326
}