{
  "num_total": 32,
  "num_active": 12,
  "prop_active": 0.375,
  "num_grid_like": 3,
  "prop_grid_like_in_active": 0.25,
  "mean_spacing_grid_like": 27.283882690448348,
  "rho_true_mean": 0.7808484435081482,
  "rho_true_std": 0.08203033357858658
}