{
  "num_total": 32,
  "num_active": 15,
  "prop_active": 0.46875,
  "num_grid_like": 4,
  "prop_grid_like_in_active": 0.26666666666666666,
  "mean_spacing_grid_like": 25.76434856244274,
  "rho_true_mean": 0.7748879194259644,
  "rho_true_std": 0.0765494704246521
}