{
  "num_total": 32,
  "num_active": 15,
  "prop_active": 0.46875,
  "num_grid_like": 2,
  "prop_grid_like_in_active": 0.13333333333333333,
  "mean_spacing_grid_like": 26.637521910407912,
  "rho_true_mean": 0.7561860680580139,
  "rho_true_std": 0.06677475571632385
}