{
  "num_total": 32,
  "num_active": 14,
  "prop_active": 0.4375,
  "num_grid_like": 12,
  "prop_grid_like_in_active": 0.8571428571428571,
  "mean_spacing_grid_like": 26.852795691847927,
  "rho_true_mean": 0.8079299926757812,
  "rho_true_std": 0.06595119088888168
}