{
  "num_total": 32,
  "num_active": 10,
  "prop_active": 0.3125,
  "num_grid_like": 3,
  "prop_grid_like_in_active": 0.3,
  "mean_spacing_grid_like": 26.239452054144035,
  "rho_true_mean": 0.7497023344039917,
  "rho_true_std": 0.06086697429418564
}