{
  "num_total": 32,
  "num_active": 8,
  "prop_active": 0.25,
  "num_grid_like": 5,
  "prop_grid_like_in_active": 0.625,
  "mean_spacing_grid_like": 26.714353299849215,
  "rho_true_mean": 0.7802156209945679,
  "rho_true_std": 0.0714617371559143
}