{
  "num_total": 32,
  "num_active": 8,
  "prop_active": 0.25,
  "num_grid_like": 6,
  "prop_grid_like_in_active": 0.75,
  "mean_spacing_grid_like": 27.518396086237477,
  "rho_true_mean": 0.781295120716095,
  "rho_true_std": 0.08419755101203918
}