{
  "num_total": 32,
  "num_active": 10,
  "prop_active": 0.3125,
  "num_grid_like": 4,
  "prop_grid_like_in_active": 0.4,
  "mean_spacing_grid_like": 26.57769305517193,
  "rho_true_mean": 0.7647692561149597,
  "rho_true_std": 0.07335970550775528
}