{
  "num_total": 32,
  "num_active": 11,
  "prop_active": 0.34375,
  "num_grid_like": 6,
  "prop_grid_like_in_active": 0.5454545454545454,
  "mean_spacing_grid_like": 27.50720511337308,
  "rho_true_mean": 0.8158817887306213,
  "rho_true_std": 0.07357928156852722
}