{
  "num_total": 32,
  "num_active": 11,
  "prop_active": 0.34375,
  "num_grid_like": 9,
  "prop_grid_like_in_active": 0.8181818181818182,
  "mean_spacing_grid_like": 27.78564625944966,
  "rho_true_mean": 0.7876194715499878,
  "rho_true_std": 0.07235589623451233
}