{
  "num_total": 32,
  "num_active": 13,
  "prop_active": 0.40625,
  "num_grid_like": 2,
  "prop_grid_like_in_active": 0.15384615384615385,
  "mean_spacing_grid_like": 25.513083184656455,
  "rho_true_mean": 0.7286721467971802,
  "rho_true_std": 0.07197075337171555
}