{
  "num_total": 32,
  "num_active": 10,
  "prop_active": 0.3125,
  "num_grid_like": 6,
  "prop_grid_like_in_active": 0.6,
  "mean_spacing_grid_like": 26.732788522211603,
  "rho_true_mean": 0.7308956384658813,
  "rho_true_std": 0.08343322575092316
}