{
  "num_total": 32,
  "num_active": 13,
  "prop_active": 0.40625,
  "num_grid_like": 4,
  "prop_grid_like_in_active": 0.3076923076923077,
  "mean_spacing_grid_like": 26.029550835545397,
  "rho_true_mean": 0.7478365898132324,
  "rho_true_std": 0.07074654847383499
}