{
  "num_total": 32,
  "num_active": 8,
  "prop_active": 0.25,
  "num_grid_like": 7,
  "prop_grid_like_in_active": 0.875,
  "mean_spacing_grid_like": 27.77101111429198,
  "rho_true_mean": 0.7608561515808105,
  "rho_true_std": 0.08226253092288971
}