{
  "num_total": 32,
  "num_active": 11,
  "prop_active": 0.34375,
  "num_grid_like": 3,
  "prop_grid_like_in_active": 0.2727272727272727,
  "mean_spacing_grid_like": 26.1554733930242,
  "rho_true_mean": 0.6720364093780518,
  "rho_true_std": 0.07667899131774902
}