{
  "num_total": 32,
  "num_active": 16,
  "prop_active": 0.5,
  "num_grid_like": 4,
  "prop_grid_like_in_active": 0.25,
  "mean_spacing_grid_like": 26.672357380373214,
  "rho_true_mean": 0.805878221988678,
  "rho_true_std": 0.07530319690704346
}