{
  "num_total": 32,
  "num_active": 13,
  "prop_active": 0.40625,
  "num_grid_like": 9,
  "prop_grid_like_in_active": 0.6923076923076923,
  "mean_spacing_grid_like": 27.615956050729675,
  "rho_true_mean": 0.8119735717773438,
  "rho_true_std": 0.08225735276937485
}