{
  "num_total": 32,
  "num_active": 9,
  "prop_active": 0.28125,
  "num_grid_like": 9,
  "prop_grid_like_in_active": 1.0,
  "mean_spacing_grid_like": 27.947320272473874,
  "rho_true_mean": 0.7927916049957275,
  "rho_true_std": 0.07975281774997711
}