{
  "num_total": 32,
  "num_active": 12,
  "prop_active": 0.375,
  "num_grid_like": 2,
  "prop_grid_like_in_active": 0.16666666666666666,
  "mean_spacing_grid_like": 26.768092887584565,
  "rho_true_mean": 0.8145144581794739,
  "rho_true_std": 0.12654957175254822
}