{
  "num_total": 32,
  "num_active": 12,
  "prop_active": 0.375,
  "num_grid_like": 3,
  "prop_grid_like_in_active": 0.25,
  "mean_spacing_grid_like": 25.273186814456675,
  "rho_true_mean": 0.692192018032074,
  "rho_true_std": 0.06230834871530533
}