{
  "num_total": 32,
  "num_active": 12,
  "prop_active": 0.375,
  "num_grid_like": 2,
  "prop_grid_like_in_active": 0.16666666666666666,
  "mean_spacing_grid_like": 26.205092942723027,
  "rho_true_mean": 0.6970226764678955,
  "rho_true_std": 0.0785321593284607
}