{
  "num_total": 32,
  "num_active": 10,
  "prop_active": 0.3125,
  "num_grid_like": 3,
  "prop_grid_like_in_active": 0.3,
  "mean_spacing_grid_like": 26.372004438256486,
  "rho_true_mean": 0.7000541090965271,
  "rho_true_std": 0.06519278138875961
}