{
  "num_total": 32,
  "num_active": 9,
  "prop_active": 0.28125,
  "num_grid_like": 3,
  "prop_grid_like_in_active": 0.3333333333333333,
  "mean_spacing_grid_like": 25.464262930381384,
  "rho_true_mean": 0.6428784728050232,
  "rho_true_std": 0.0705183669924736
}