{
  "num_total": 32,
  "num_active": 10,
  "prop_active": 0.3125,
  "num_grid_like": 2,
  "prop_grid_like_in_active": 0.2,
  "mean_spacing_grid_like": 25.450659103635516,
  "rho_true_mean": 0.7205256223678589,
  "rho_true_std": 0.07322720438241959
}