{
  "num_total": 32,
  "num_active": 14,
  "prop_active": 0.4375,
  "num_grid_like": 7,
  "prop_grid_like_in_active": 0.5,
  "mean_spacing_grid_like": 26.645068238170705,
  "rho_true_mean": 0.7828804850578308,
  "rho_true_std": 0.058903466910123825
}