{
  "num_total": 32,
  "num_active": 11,
  "prop_active": 0.34375,
  "num_grid_like": 3,
  "prop_grid_like_in_active": 0.2727272727272727,
  "mean_spacing_grid_like": 26.22385064324595,
  "rho_true_mean": 0.7776983976364136,
  "rho_true_std": 0.07575306296348572
}