{
  "num_total": 32,
  "num_active": 8,
  "prop_active": 0.25,
  "num_grid_like": 4,
  "prop_grid_like_in_active": 0.5,
  "mean_spacing_grid_like": 27.302539639836212,
  "rho_true_mean": 0.7520132064819336,
  "rho_true_std": 0.08035445958375931
}