{
  "num_total": 32,
  "num_active": 12,
  "prop_active": 0.375,
  "num_grid_like": 10,
  "prop_grid_like_in_active": 0.8333333333333334,
  "mean_spacing_grid_like": 26.955901297667772,
  "rho_true_mean": 0.819709062576294,
  "rho_true_std": 0.07057000696659088
}