{
  "num_total": 32,
  "num_active": 13,
  "prop_active": 0.40625,
  "num_grid_like": 1,
  "prop_grid_like_in_active": 0.07692307692307693,
  "mean_spacing_grid_like": 25.620366856109612,
  "rho_true_mean": 0.7201265096664429,
  "rho_true_std": 0.07047878950834274
}