{
  "num_total": 32,
  "num_active": 8,
  "prop_active": 0.25,
  "num_grid_like": 5,
  "prop_grid_like_in_active": 0.625,
  "mean_spacing_grid_like": 27.363001380135653,
  "rho_true_mean": 0.7591257095336914,
  "rho_true_std": 0.08463965356349945
}