{
  "num_total": 32,
  "num_active": 10,
  "prop_active": 0.3125,
  "num_grid_like": 6,
  "prop_grid_like_in_active": 0.6,
  "mean_spacing_grid_like": 26.286253052885595,
  "rho_true_mean": 0.7104116678237915,
  "rho_true_std": 0.08043981343507767
}