{
  "num_total": 32,
  "num_active": 9,
  "prop_active": 0.28125,
  "num_grid_like": 6,
  "prop_grid_like_in_active": 0.6666666666666666,
  "mean_spacing_grid_like": 26.792690436486804,
  "rho_true_mean": 0.7828774452209473,
  "rho_true_std": 0.07372055947780609
}