{
  "num_total": 32,
  "num_active": 11,
  "prop_active": 0.34375,
  "num_grid_like": 1,
  "prop_grid_like_in_active": 0.09090909090909091,
  "mean_spacing_grid_like": 24.871264283548204,
  "rho_true_mean": 0.6596434116363525,
  "rho_true_std": 0.061635784804821014
}