{
  "num_total": 32,
  "num_active": 9,
  "prop_active": 0.28125,
  "num_grid_like": 4,
  "prop_grid_like_in_active": 0.4444444444444444,
  "mean_spacing_grid_like": 26.257777759385625,
  "rho_true_mean": 0.7702748775482178,
  "rho_true_std": 0.07360497862100601
}