{
  "num_total": 32,
  "num_active": 12,
  "prop_active": 0.375,
  "num_grid_like": 3,
  "prop_grid_like_in_active": 0.25,
  "mean_spacing_grid_like": 25.94995555933158,
  "rho_true_mean": 0.7514068484306335,
  "rho_true_std": 0.07466299086809158
}