{
  "num_total": 32,
  "num_active": 13,
  "prop_active": 0.40625,
  "num_grid_like": 10,
  "prop_grid_like_in_active": 0.7692307692307693,
  "mean_spacing_grid_like": 26.641329463297428,
  "rho_true_mean": 0.8287599086761475,
  "rho_true_std": 0.08392318338155746
}