{
  "num_total": 32,
  "num_active": 12,
  "prop_active": 0.375,
  "num_grid_like": 3,
  "prop_grid_like_in_active": 0.25,
  "mean_spacing_grid_like": 25.454016156781336,
  "rho_true_mean": 0.7162021398544312,
  "rho_true_std": 0.0731128603219986
}