{
  "num_total": 32,
  "num_active": 9,
  "prop_active": 0.28125,
  "num_grid_like": 2,
  "prop_grid_like_in_active": 0.2222222222222222,
  "mean_spacing_grid_like": 26.49878683495794,
  "rho_true_mean": 0.7172452807426453,
  "rho_true_std": 0.07856778800487518
}