{
  "num_total": 32,
  "num_active": 10,
  "prop_active": 0.3125,
  "num_grid_like": 5,
  "prop_grid_like_in_active": 0.5,
  "mean_spacing_grid_like": 27.47763853888464,
  "rho_true_mean": 0.8085901737213135,
  "rho_true_std": 0.07241592556238174
}