{
  "num_total": 32,
  "num_active": 15,
  "prop_active": 0.46875,
  "num_grid_like": 11,
  "prop_grid_like_in_active": 0.7333333333333333,
  "mean_spacing_grid_like": 27.10140192462843,
  "rho_true_mean": 0.8297685384750366,
  "rho_true_std": 0.07405941188335419
}