{
  "num_total": 32,
  "num_active": 10,
  "prop_active": 0.3125,
  "num_grid_like": 1,
  "prop_grid_like_in_active": 0.1,
  "mean_spacing_grid_like": 25.62816236143046,
  "rho_true_mean": 0.6690704822540283,
  "rho_true_std": 0.07642575353384018
}