{
  "num_total": 32,
  "num_active": 16,
  "prop_active": 0.5,
  "num_grid_like": 5,
  "prop_grid_like_in_active": 0.3125,
  "mean_spacing_grid_like": 26.216888136447217,
  "rho_true_mean": 0.7852863073348999,
  "rho_true_std": 0.07410021871328354
}