{
  "num_total": 32,
  "num_active": 13,
  "prop_active": 0.40625,
  "num_grid_like": 7,
  "prop_grid_like_in_active": 0.5384615384615384,
  "mean_spacing_grid_like": 26.1491716929884,
  "rho_true_mean": 0.8041703104972839,
  "rho_true_std": 0.08034026622772217
}