{
  "num_total": 32,
  "num_active": 12,
  "prop_active": 0.375,
  "num_grid_like": 5,
  "prop_grid_like_in_active": 0.4166666666666667,
  "mean_spacing_grid_like": 27.40771687800133,
  "rho_true_mean": 0.8188689947128296,
  "rho_true_std": 0.099469393491745
}