{
  "num_total": 32,
  "num_active": 13,
  "prop_active": 0.40625,
  "num_grid_like": 1,
  "prop_grid_like_in_active": 0.07692307692307693,
  "mean_spacing_grid_like": 26.37583461930328,
  "rho_true_mean": 0.7528583407402039,
  "rho_true_std": 0.06696021556854248
}