{
  "num_total": 32,
  "num_active": 15,
  "prop_active": 0.46875,
  "num_grid_like": 8,
  "prop_grid_like_in_active": 0.5333333333333333,
  "mean_spacing_grid_like": 27.159164526223186,
  "rho_true_mean": 0.8252493739128113,
  "rho_true_std": 0.07040396332740784
}