{
  "num_total": 32,
  "num_active": 13,
  "prop_active": 0.40625,
  "num_grid_like": 1,
  "prop_grid_like_in_active": 0.07692307692307693,
  "mean_spacing_grid_like": 24.424590538420293,
  "rho_true_mean": 0.7009199857711792,
  "rho_true_std": 0.08205465227365494
}