{
  "num_total": 32,
  "num_active": 13,
  "prop_active": 0.40625,
  "num_grid_like": 3,
  "prop_grid_like_in_active": 0.23076923076923078,
  "mean_spacing_grid_like": 24.682863338462827,
  "rho_true_mean": 0.7490907311439514,
  "rho_true_std": 0.07494361698627472
}