{
  "num_total": 32,
  "num_active": 14,
  "prop_active": 0.4375,
  "num_grid_like": 2,
  "prop_grid_like_in_active": 0.14285714285714285,
  "mean_spacing_grid_like": 27.11721602378168,
  "rho_true_mean": 0.7209404110908508,
  "rho_true_std": 0.0760611817240715
}