{
  "num_total": 32,
  "num_active": 14,
  "prop_active": 0.4375,
  "num_grid_like": 10,
  "prop_grid_like_in_active": 0.7142857142857143,
  "mean_spacing_grid_like": 27.291135227562272,
  "rho_true_mean": 0.8052113652229309,
  "rho_true_std": 0.06435460597276688
}