{
  "num_total": 32,
  "num_active": 14,
  "prop_active": 0.4375,
  "num_grid_like": 6,
  "prop_grid_like_in_active": 0.42857142857142855,
  "mean_spacing_grid_like": 27.256322419333813,
  "rho_true_mean": 0.7873519659042358,
  "rho_true_std": 0.07361702620983124
}