{
  "num_total": 32,
  "num_active": 8,
  "prop_active": 0.25,
  "num_grid_like": 1,
  "prop_grid_like_in_active": 0.125,
  "mean_spacing_grid_like": 25.62816236143046,
  "rho_true_mean": 0.7098972797393799,
  "rho_true_std": 0.07602782547473907
}