{
  "num_total": 32,
  "num_active": 7,
  "prop_active": 0.21875,
  "num_grid_like": 1,
  "prop_grid_like_in_active": 0.14285714285714285,
  "mean_spacing_grid_like": 27.570237338190708,
  "rho_true_mean": 0.7309710383415222,
  "rho_true_std": 0.08540687710046768
}