{
  "num_total": 32,
  "num_active": 11,
  "prop_active": 0.34375,
  "num_grid_like": 4,
  "prop_grid_like_in_active": 0.36363636363636365,
  "mean_spacing_grid_like": 27.130263375492387,
  "rho_true_mean": 0.7529299259185791,
  "rho_true_std": 0.06699945777654648
}