{
  "num_total": 32,
  "num_active": 14,
  "prop_active": 0.4375,
  "num_grid_like": 1,
  "prop_grid_like_in_active": 0.07142857142857142,
  "mean_spacing_grid_like": 27.30295161831161,
  "rho_true_mean": 0.7727203369140625,
  "rho_true_std": 0.07327374815940857
}