{
  "num_total": 32,
  "num_active": 12,
  "prop_active": 0.375,
  "num_grid_like": 6,
  "prop_grid_like_in_active": 0.5,
  "mean_spacing_grid_like": 26.613100890274982,
  "rho_true_mean": 0.814242959022522,
  "rho_true_std": 0.0741860419511795
}