{
  "num_total": 32,
  "num_active": 14,
  "prop_active": 0.4375,
  "num_grid_like": 8,
  "prop_grid_like_in_active": 0.5714285714285714,
  "mean_spacing_grid_like": 26.709016851045856,
  "rho_true_mean": 0.754700243473053,
  "rho_true_std": 0.0773845687508583
}