{
  "num_total": 32,
  "num_active": 8,
  "prop_active": 0.25,
  "num_grid_like": 7,
  "prop_grid_like_in_active": 0.875,
  "mean_spacing_grid_like": 27.24053465662149,
  "rho_true_mean": 0.8190670013427734,
  "rho_true_std": 0.0736117735505104
}