{
  "num_total": 32,
  "num_active": 12,
  "prop_active": 0.375,
  "num_grid_like": 5,
  "prop_grid_like_in_active": 0.4166666666666667,
  "mean_spacing_grid_like": 26.61468620480678,
  "rho_true_mean": 0.8026614189147949,
  "rho_true_std": 0.07622836530208588
}