{
  "num_total": 32,
  "num_active": 14,
  "prop_active": 0.4375,
  "num_grid_like": 8,
  "prop_grid_like_in_active": 0.5714285714285714,
  "mean_spacing_grid_like": 26.774735995211415,
  "rho_true_mean": 0.8011417388916016,
  "rho_true_std": 0.08038673549890518
}