{
  "num_total": 32,
  "num_active": 13,
  "prop_active": 0.40625,
  "num_grid_like": 4,
  "prop_grid_like_in_active": 0.3076923076923077,
  "mean_spacing_grid_like": 25.76788924314582,
  "rho_true_mean": 0.6983177661895752,
  "rho_true_std": 0.0739118903875351
}