{
  "num_total": 32,
  "num_active": 13,
  "prop_active": 0.40625,
  "num_grid_like": 2,
  "prop_grid_like_in_active": 0.15384615384615385,
  "mean_spacing_grid_like": 25.970574270645116,
  "rho_true_mean": 0.7600697875022888,
  "rho_true_std": 0.07409119606018066
}