{
  "num_total": 32,
  "num_active": 9,
  "prop_active": 0.28125,
  "num_grid_like": 8,
  "prop_grid_like_in_active": 0.8888888888888888,
  "mean_spacing_grid_like": 28.172973440750955,
  "rho_true_mean": 0.7872751951217651,
  "rho_true_std": 0.07065415382385254
}