{
  "num_total": 32,
  "num_active": 8,
  "prop_active": 0.25,
  "num_grid_like": 2,
  "prop_grid_like_in_active": 0.25,
  "mean_spacing_grid_like": 25.441399814955346,
  "rho_true_mean": 0.6387609839439392,
  "rho_true_std": 0.08737348020076752
}