{
  "num_total": 32,
  "num_active": 11,
  "prop_active": 0.34375,
  "num_grid_like": 5,
  "prop_grid_like_in_active": 0.45454545454545453,
  "mean_spacing_grid_like": 27.21566736189166,
  "rho_true_mean": 0.7593749761581421,
  "rho_true_std": 0.0787399560213089
}