{
  "num_total": 32,
  "num_active": 10,
  "prop_active": 0.3125,
  "num_grid_like": 5,
  "prop_grid_like_in_active": 0.5,
  "mean_spacing_grid_like": 26.292767509605362,
  "rho_true_mean": 0.7328881025314331,
  "rho_true_std": 0.06557395309209824
}