{
  "num_total": 32,
  "num_active": 11,
  "prop_active": 0.34375,
  "num_grid_like": 5,
  "prop_grid_like_in_active": 0.45454545454545453,
  "mean_spacing_grid_like": 26.427986388090723,
  "rho_true_mean": 0.7657984495162964,
  "rho_true_std": 0.06289640069007874
}