{
  "num_total": 32,
  "num_active": 15,
  "prop_active": 0.46875,
  "num_grid_like": 10,
  "prop_grid_like_in_active": 0.6666666666666666,
  "mean_spacing_grid_like": 26.99850143121545,
  "rho_true_mean": 0.8208175301551819,
  "rho_true_std": 0.08042626082897186
}