{
  "num_total": 32,
  "num_active": 9,
  "prop_active": 0.28125,
  "num_grid_like": 5,
  "prop_grid_like_in_active": 0.5555555555555556,
  "mean_spacing_grid_like": 26.36663219998838,
  "rho_true_mean": 0.7695386409759521,
  "rho_true_std": 0.07298274338245392
}