{
  "num_total": 32,
  "num_active": 10,
  "prop_active": 0.3125,
  "num_grid_like": 3,
  "prop_grid_like_in_active": 0.3,
  "mean_spacing_grid_like": 25.440240617834064,
  "rho_true_mean": 0.6939519643783569,
  "rho_true_std": 0.0713200569152832
}