{
  "num_total": 32,
  "num_active": 11,
  "prop_active": 0.34375,
  "num_grid_like": 2,
  "prop_grid_like_in_active": 0.18181818181818182,
  "mean_spacing_grid_like": 24.415038016090826,
  "rho_true_mean": 0.6998291015625,
  "rho_true_std": 0.07473600655794144
}