{
  "num_total": 32,
  "num_active": 11,
  "prop_active": 0.34375,
  "num_grid_like": 5,
  "prop_grid_like_in_active": 0.45454545454545453,
  "mean_spacing_grid_like": 26.82593179091627,
  "rho_true_mean": 0.7972468137741089,
  "rho_true_std": 0.07231947779655457
}