{
  "num_total": 32,
  "num_active": 10,
  "prop_active": 0.3125,
  "num_grid_like": 2,
  "prop_grid_like_in_active": 0.2,
  "mean_spacing_grid_like": 26.64396389237733,
  "rho_true_mean": 0.7143295407295227,
  "rho_true_std": 0.08141964673995972
}