{
  "num_total": 32,
  "num_active": 11,
  "prop_active": 0.34375,
  "num_grid_like": 8,
  "prop_grid_like_in_active": 0.7272727272727273,
  "mean_spacing_grid_like": 27.88384846826003,
  "rho_true_mean": 0.8248766660690308,
  "rho_true_std": 0.07921921461820602
}