{
  "num_total": 32,
  "num_active": 13,
  "prop_active": 0.40625,
  "num_grid_like": 8,
  "prop_grid_like_in_active": 0.6153846153846154,
  "mean_spacing_grid_like": 27.384882146950638,
  "rho_true_mean": 0.7919585704803467,
  "rho_true_std": 0.05998142808675766
}