{
  "num_total": 32,
  "num_active": 9,
  "prop_active": 0.28125,
  "num_grid_like": 9,
  "prop_grid_like_in_active": 1.0,
  "mean_spacing_grid_like": 26.72801258132004,
  "rho_true_mean": 0.7975531816482544,
  "rho_true_std": 0.07728796452283859
}