{
  "num_total": 32,
  "num_active": 9,
  "prop_active": 0.28125,
  "num_grid_like": 2,
  "prop_grid_like_in_active": 0.2222222222222222,
  "mean_spacing_grid_like": 25.85616540692245,
  "rho_true_mean": 0.646507740020752,
  "rho_true_std": 0.06846291571855545
}