{
  "num_total": 32,
  "num_active": 9,
  "prop_active": 0.28125,
  "num_grid_like": 6,
  "prop_grid_like_in_active": 0.6666666666666666,
  "mean_spacing_grid_like": 26.219701198226293,
  "rho_true_mean": 0.709115207195282,
  "rho_true_std": 0.07388073205947876
}