{
  "num_total": 32,
  "num_active": 9,
  "prop_active": 0.28125,
  "num_grid_like": 2,
  "prop_grid_like_in_active": 0.2222222222222222,
  "mean_spacing_grid_like": 25.584734304759493,
  "rho_true_mean": 0.6469156742095947,
  "rho_true_std": 0.0687582865357399
}