{
  "num_total": 32,
  "num_active": 10,
  "prop_active": 0.3125,
  "num_grid_like": 4,
  "prop_grid_like_in_active": 0.4,
  "mean_spacing_grid_like": 26.081178254274995,
  "rho_true_mean": 0.6929797530174255,
  "rho_true_std": 0.07689820230007172
}