{
  "num_total": 32,
  "num_active": 8,
  "prop_active": 0.25,
  "num_grid_like": 7,
  "prop_grid_like_in_active": 0.875,
  "mean_spacing_grid_like": 27.865850586700642,
  "rho_true_mean": 0.7788240909576416,
  "rho_true_std": 0.08076028525829315
}