{
  "num_total": 32,
  "num_active": 16,
  "prop_active": 0.5,
  "num_grid_like": 1,
  "prop_grid_like_in_active": 0.0625,
  "mean_spacing_grid_like": 26.491803602715333,
  "rho_true_mean": 0.7847604751586914,
  "rho_true_std": 0.07317587733268738
}