{
  "num_total": 32,
  "num_active": 12,
  "prop_active": 0.375,
  "num_grid_like": 1,
  "prop_grid_like_in_active": 0.08333333333333333,
  "mean_spacing_grid_like": 24.96408861267264,
  "rho_true_mean": 0.6403539776802063,
  "rho_true_std": 0.069788858294487
}