{
  "num_total": 32,
  "num_active": 13,
  "prop_active": 0.40625,
  "num_grid_like": 4,
  "prop_grid_like_in_active": 0.3076923076923077,
  "mean_spacing_grid_like": 27.810228615872543,
  "rho_true_mean": 0.7815384864807129,
  "rho_true_std": 0.0728672668337822
}