{
  "num_total": 32,
  "num_active": 8,
  "prop_active": 0.25,
  "num_grid_like": 2,
  "prop_grid_like_in_active": 0.25,
  "mean_spacing_grid_like": 28.382048381985662,
  "rho_true_mean": 0.7876474857330322,
  "rho_true_std": 0.0966898649930954
}