{
  "num_total": 32,
  "num_active": 11,
  "prop_active": 0.34375,
  "num_grid_like": 3,
  "prop_grid_like_in_active": 0.2727272727272727,
  "mean_spacing_grid_like": 25.455209718504907,
  "rho_true_mean": 0.7131495475769043,
  "rho_true_std": 0.07228231430053711
}