{
  "num_total": 32,
  "num_active": 10,
  "prop_active": 0.3125,
  "num_grid_like": 8,
  "prop_grid_like_in_active": 0.8,
  "mean_spacing_grid_like": 27.617776340556244,
  "rho_true_mean": 0.7953464388847351,
  "rho_true_std": 0.0873802974820137
}