{
  "num_total": 32,
  "num_active": 13,
  "prop_active": 0.40625,
  "num_grid_like": 1,
  "prop_grid_like_in_active": 0.07692307692307693,
  "mean_spacing_grid_like": 26.946459751497212,
  "rho_true_mean": 0.7251041531562805,
  "rho_true_std": 0.07685541361570358
}