{
  "num_total": 32,
  "num_active": 10,
  "prop_active": 0.3125,
  "num_grid_like": 6,
  "prop_grid_like_in_active": 0.6,
  "mean_spacing_grid_like": 26.57344742716468,
  "rho_true_mean": 0.8033411502838135,
  "rho_true_std": 0.07692556828260422
}