{
  "num_total": 32,
  "num_active": 13,
  "prop_active": 0.40625,
  "num_grid_like": 5,
  "prop_grid_like_in_active": 0.38461538461538464,
  "mean_spacing_grid_like": 27.900458084202608,
  "rho_true_mean": 0.7977473139762878,
  "rho_true_std": 0.07266698032617569
}