{
  "num_total": 32,
  "num_active": 13,
  "prop_active": 0.40625,
  "num_grid_like": 6,
  "prop_grid_like_in_active": 0.46153846153846156,
  "mean_spacing_grid_like": 26.668451884440955,
  "rho_true_mean": 0.7797704935073853,
  "rho_true_std": 0.07797504961490631
}