{
  "num_total": 32,
  "num_active": 14,
  "prop_active": 0.4375,
  "num_grid_like": 9,
  "prop_grid_like_in_active": 0.6428571428571429,
  "mean_spacing_grid_like": 27.122092165171065,
  "rho_true_mean": 0.7977339029312134,
  "rho_true_std": 0.08233445137739182
}