{
  "num_total": 32,
  "num_active": 12,
  "prop_active": 0.375,
  "num_grid_like": 9,
  "prop_grid_like_in_active": 0.75,
  "mean_spacing_grid_like": 28.39064294284788,
  "rho_true_mean": 0.7889595031738281,
  "rho_true_std": 0.07417226582765579
}