{
  "num_total": 32,
  "num_active": 12,
  "prop_active": 0.375,
  "num_grid_like": 8,
  "prop_grid_like_in_active": 0.6666666666666666,
  "mean_spacing_grid_like": 27.903271139994622,
  "rho_true_mean": 0.8076401352882385,
  "rho_true_std": 0.0700438991189003
}