{
  "num_total": 32,
  "num_active": 9,
  "prop_active": 0.28125,
  "num_grid_like": 7,
  "prop_grid_like_in_active": 0.7777777777777778,
  "mean_spacing_grid_like": 28.151803992083522,
  "rho_true_mean": 0.8064089417457581,
  "rho_true_std": 0.08805070072412491
}