{
  "num_total": 32,
  "num_active": 14,
  "prop_active": 0.4375,
  "num_grid_like": 11,
  "prop_grid_like_in_active": 0.7857142857142857,
  "mean_spacing_grid_like": 27.908248964231998,
  "rho_true_mean": 0.7888274192810059,
  "rho_true_std": 0.059835877269506454
}