{
  "num_total": 32,
  "num_active": 14,
  "prop_active": 0.4375,
  "num_grid_like": 4,
  "prop_grid_like_in_active": 0.2857142857142857,
  "mean_spacing_grid_like": 26.931112474696132,
  "rho_true_mean": 0.7439417839050293,
  "rho_true_std": 0.06318783015012741
}