{
  "num_total": 32,
  "num_active": 19,
  "prop_active": 0.59375,
  "num_grid_like": 13,
  "prop_grid_like_in_active": 0.6842105263157895,
  "mean_spacing_grid_like": 27.03554008674878,
  "rho_true_mean": 0.817032516002655,
  "rho_true_std": 0.07406654953956604
}