{
  "num_total": 32,
  "num_active": 13,
  "prop_active": 0.40625,
  "num_grid_like": 5,
  "prop_grid_like_in_active": 0.38461538461538464,
  "mean_spacing_grid_like": 26.036237031262306,
  "rho_true_mean": 0.7253646850585938,
  "rho_true_std": 0.06622501462697983
}