{
  "num_total": 32,
  "num_active": 11,
  "prop_active": 0.34375,
  "num_grid_like": 6,
  "prop_grid_like_in_active": 0.5454545454545454,
  "mean_spacing_grid_like": 26.440267527144446,
  "rho_true_mean": 0.7901546955108643,
  "rho_true_std": 0.07719862461090088
}