{
  "num_total": 32,
  "num_active": 12,
  "prop_active": 0.375,
  "num_grid_like": 7,
  "prop_grid_like_in_active": 0.5833333333333334,
  "mean_spacing_grid_like": 27.01760453008698,
  "rho_true_mean": 0.8312973380088806,
  "rho_true_std": 0.07491322606801987
}