{
  "num_total": 32,
  "num_active": 16,
  "prop_active": 0.5,
  "num_grid_like": 3,
  "prop_grid_like_in_active": 0.1875,
  "mean_spacing_grid_like": 26.131042133704113,
  "rho_true_mean": 0.7891218662261963,
  "rho_true_std": 0.07761206477880478
}