{
  "num_total": 32,
  "num_active": 11,
  "prop_active": 0.34375,
  "num_grid_like": 3,
  "prop_grid_like_in_active": 0.2727272727272727,
  "mean_spacing_grid_like": 27.01796060418746,
  "rho_true_mean": 0.7540680766105652,
  "rho_true_std": 0.07738374918699265
}