{
  "num_total": 32,
  "num_active": 11,
  "prop_active": 0.34375,
  "num_grid_like": 8,
  "prop_grid_like_in_active": 0.7272727272727273,
  "mean_spacing_grid_like": 27.18745356504923,
  "rho_true_mean": 0.8115565776824951,
  "rho_true_std": 0.07373277097940445
}