{
  "num_total": 32,
  "num_active": 10,
  "prop_active": 0.3125,
  "num_grid_like": 6,
  "prop_grid_like_in_active": 0.6,
  "mean_spacing_grid_like": 27.187741255614398,
  "rho_true_mean": 0.7598859071731567,
  "rho_true_std": 0.07123193144798279
}