{
  "num_total": 32,
  "num_active": 8,
  "prop_active": 0.25,
  "num_grid_like": 2,
  "prop_grid_like_in_active": 0.25,
  "mean_spacing_grid_like": 25.1477764664534,
  "rho_true_mean": 0.660635232925415,
  "rho_true_std": 0.06327009946107864
}