{
  "num_total": 32,
  "num_active": 12,
  "prop_active": 0.375,
  "num_grid_like": 1,
  "prop_grid_like_in_active": 0.08333333333333333,
  "mean_spacing_grid_like": 27.407476352796408,
  "rho_true_mean": 0.7125108242034912,
  "rho_true_std": 0.07871666550636292
}