{
  "num_total": 32,
  "num_active": 13,
  "prop_active": 0.40625,
  "num_grid_like": 1,
  "prop_grid_like_in_active": 0.07692307692307693,
  "mean_spacing_grid_like": 25.513083184656455,
  "rho_true_mean": 0.6868144273757935,
  "rho_true_std": 0.06859461218118668
}