{
  "num_total": 32,
  "num_active": 13,
  "prop_active": 0.40625,
  "num_grid_like": 2,
  "prop_grid_like_in_active": 0.15384615384615385,
  "mean_spacing_grid_like": 27.199526955710564,
  "rho_true_mean": 0.7513974905014038,
  "rho_true_std": 0.06765064597129822
}