{
  "num_total": 32,
  "num_active": 15,
  "prop_active": 0.46875,
  "num_grid_like": 2,
  "prop_grid_like_in_active": 0.13333333333333333,
  "mean_spacing_grid_like": 28.665903390416627
}