{
  "num_total": 32,
  "num_active": 17,
  "prop_active": 0.53125,
  "num_grid_like": 2,
  "prop_grid_like_in_active": 0.11764705882352941,
  "mean_spacing_grid_like": 29.133165569974754
}