{
  "num_total": 32,
  "num_active": 27,
  "prop_active": 0.84375,
  "num_grid_like": 27,
  "prop_grid_like_in_active": 1.0,
  "mean_spacing_grid_like": 36.53499965880798,
  "rho_true_mean": 1.041639804840088,
  "rho_true_std": 0.08772381395101547
}