{
  "num_total": 32,
  "num_active": 27,
  "prop_active": 0.84375,
  "num_grid_like": 27,
  "prop_grid_like_in_active": 1.0,
  "mean_spacing_grid_like": 37.123275814915495,
  "rho_true_mean": 1.0271539688110352,
  "rho_true_std": 0.08093918114900589
}