{
  "num_total": 32,
  "num_active": 10,
  "prop_active": 0.3125,
  "num_grid_like": 10,
  "prop_grid_like_in_active": 1.0,
  "mean_spacing_grid_like": 30.133182663809862,
  "rho_true_mean": 0.8864846229553223,
  "rho_true_std": 0.06940597295761108
}