{
  "num_total": 32,
  "num_active": 14,
  "prop_active": 0.4375,
  "num_grid_like": 14,
  "prop_grid_like_in_active": 1.0,
  "mean_spacing_grid_like": 29.00349813198516,
  "rho_true_mean": 0.8630825877189636,
  "rho_true_std": 0.06617472320795059
}