{
  "num_total": 32,
  "num_active": 12,
  "prop_active": 0.375,
  "num_grid_like": 12,
  "prop_grid_like_in_active": 1.0,
  "mean_spacing_grid_like": 29.877904054962936,
  "rho_true_mean": 0.8811218738555908,
  "rho_true_std": 0.06542051583528519
}