{
  "num_total": 32,
  "num_active": 12,
  "prop_active": 0.375,
  "num_grid_like": 3,
  "prop_grid_like_in_active": 0.25,
  "mean_spacing_grid_like": 30.099878685542127,
  "rho_true_mean": 0.8882102966308594,
  "rho_true_std": 0.1087661162018776
}