{
  "num_total": 32,
  "num_active": 10,
  "prop_active": 0.3125,
  "num_grid_like": 10,
  "prop_grid_like_in_active": 1.0,
  "mean_spacing_grid_like": 27.870865418789997,
  "rho_true_mean": 0.8433593511581421,
  "rho_true_std": 0.06818561255931854
}