{
  "num_total": 32,
  "num_active": 10,
  "prop_active": 0.3125,
  "num_grid_like": 4,
  "prop_grid_like_in_active": 0.4,
  "mean_spacing_grid_like": 30.112063844907095,
  "rho_true_mean": 0.9016158580780029,
  "rho_true_std": 0.11116401851177216
}