{
  "num_total": 32,
  "num_active": 21,
  "prop_active": 0.65625,
  "num_grid_like": 18,
  "prop_grid_like_in_active": 0.8571428571428571,
  "mean_spacing_grid_like": 34.686429256905434,
  "rho_true_mean": 1.1779165267944336,
  "rho_true_std": 0.11796960979700089
}