{
  "num_total": 32,
  "num_active": 18,
  "prop_active": 0.5625,
  "num_grid_like": 12,
  "prop_grid_like_in_active": 0.6666666666666666,
  "mean_spacing_grid_like": 34.452923842776364,
  "rho_true_mean": 1.0119619369506836,
  "rho_true_std": 0.08829110115766525
}