{
  "num_total": 32,
  "num_active": 24,
  "prop_active": 0.75,
  "num_grid_like": 9,
  "prop_grid_like_in_active": 0.375,
  "mean_spacing_grid_like": 34.41288206151294,
  "rho_true_mean": 1.0251519680023193,
  "rho_true_std": 0.08722087740898132
}