{
  "num_total": 32,
  "num_active": 10,
  "prop_active": 0.3125,
  "num_grid_like": 8,
  "prop_grid_like_in_active": 0.8,
  "mean_spacing_grid_like": 27.770839155743527,
  "rho_true_mean": 0.8313916921615601,
  "rho_true_std": 0.07813692837953568
}