{
  "num_total": 32,
  "num_active": 20,
  "prop_active": 0.625,
  "num_grid_like": 20,
  "prop_grid_like_in_active": 1.0,
  "mean_spacing_grid_like": 31.397489695983175,
  "rho_true_mean": 0.9415243864059448,
  "rho_true_std": 0.0666673332452774
}