{
  "num_total": 32,
  "num_active": 16,
  "prop_active": 0.5,
  "num_grid_like": 16,
  "prop_grid_like_in_active": 1.0,
  "mean_spacing_grid_like": 31.81685152183822,
  "rho_true_mean": 0.9531956315040588,
  "rho_true_std": 0.08345623314380646
}