{
  "num_total": 32,
  "num_active": 11,
  "prop_active": 0.34375,
  "num_grid_like": 10,
  "prop_grid_like_in_active": 0.9090909090909091,
  "mean_spacing_grid_like": 30.58477509466053,
  "rho_true_mean": 0.9158833026885986,
  "rho_true_std": 0.08432964980602264
}