{
  "num_total": 32,
  "num_active": 27,
  "prop_active": 0.84375,
  "num_grid_like": 1,
  "prop_grid_like_in_active": 0.037037037037037035,
  "mean_spacing_grid_like": 35.042011479024204,
  "rho_true_mean": 1.0425772666931152,
  "rho_true_std": 0.09740752726793289
}