{
  "num_total": 32,
  "num_active": 14,
  "prop_active": 0.4375,
  "num_grid_like": 13,
  "prop_grid_like_in_active": 0.9285714285714286,
  "mean_spacing_grid_like": 31.728507831911163,
  "rho_true_mean": 0.9678990840911865,
  "rho_true_std": 0.10385919362306595
}