{
  "num_total": 32,
  "num_active": 25,
  "prop_active": 0.78125,
  "num_grid_like": 10,
  "prop_grid_like_in_active": 0.4,
  "mean_spacing_grid_like": 35.367295953739124,
  "rho_true_mean": 1.0365924835205078,
  "rho_true_std": 0.09801158308982849
}