{
  "num_total": 32,
  "num_active": 14,
  "prop_active": 0.4375,
  "num_grid_like": 14,
  "prop_grid_like_in_active": 1.0,
  "mean_spacing_grid_like": 30.057987195615862,
  "rho_true_mean": 0.8921740651130676,
  "rho_true_std": 0.08114232867956161
}