{
  "num_total": 32,
  "num_active": 24,
  "prop_active": 0.75,
  "num_grid_like": 24,
  "prop_grid_like_in_active": 1.0,
  "mean_spacing_grid_like": 32.54404170997487,
  "rho_true_mean": 0.9754578471183777,
  "rho_true_std": 0.07029924541711807
}