{
  "num_total": 32,
  "num_active": 13,
  "prop_active": 0.40625,
  "num_grid_like": 13,
  "prop_grid_like_in_active": 1.0,
  "mean_spacing_grid_like": 30.1274454433116,
  "rho_true_mean": 0.8860256671905518,
  "rho_true_std": 0.06763238459825516
}