{
  "num_total": 32,
  "num_active": 14,
  "prop_active": 0.4375,
  "num_grid_like": 8,
  "prop_grid_like_in_active": 0.5714285714285714,
  "mean_spacing_grid_like": 32.91066524584819,
  "rho_true_mean": 0.9830946326255798,
  "rho_true_std": 0.08565666526556015
}