{
  "num_total": 32,
  "num_active": 17,
  "prop_active": 0.53125,
  "num_grid_like": 8,
  "prop_grid_like_in_active": 0.47058823529411764,
  "mean_spacing_grid_like": 32.2885685660102,
  "rho_true_mean": 0.992477536201477,
  "rho_true_std": 0.10037191212177277
}