{
  "num_total": 32,
  "num_active": 25,
  "prop_active": 0.78125,
  "num_grid_like": 5,
  "prop_grid_like_in_active": 0.2,
  "mean_spacing_grid_like": 34.86690535974668,
  "rho_true_mean": 1.008392333984375,
  "rho_true_std": 0.10169719159603119
}