{
  "num_total": 32,
  "num_active": 23,
  "prop_active": 0.71875,
  "num_grid_like": 23,
  "prop_grid_like_in_active": 1.0,
  "mean_spacing_grid_like": 36.79042788712987,
  "rho_true_mean": 1.036372184753418,
  "rho_true_std": 0.08318726718425751
}