{
  "num_total": 32,
  "num_active": 11,
  "prop_active": 0.34375,
  "num_grid_like": 11,
  "prop_grid_like_in_active": 1.0,
  "mean_spacing_grid_like": 29.117700752500443,
  "rho_true_mean": 0.854295551776886,
  "rho_true_std": 0.06593231111764908
}