{
  "num_total": 32,
  "num_active": 17,
  "prop_active": 0.53125,
  "num_grid_like": 15,
  "prop_grid_like_in_active": 0.8823529411764706,
  "mean_spacing_grid_like": 34.70718523675001,
  "rho_true_mean": 1.0216950178146362,
  "rho_true_std": 0.0957280695438385
}