{
  "num_total": 32,
  "num_active": 15,
  "prop_active": 0.46875,
  "num_grid_like": 14,
  "prop_grid_like_in_active": 0.9333333333333333,
  "mean_spacing_grid_like": 34.29243917328416,
  "rho_true_mean": 1.0039217472076416,
  "rho_true_std": 0.09652341157197952
}