{
  "num_total": 32,
  "num_active": 24,
  "prop_active": 0.75,
  "num_grid_like": 24,
  "prop_grid_like_in_active": 1.0,
  "mean_spacing_grid_like": 34.11583159541443,
  "rho_true_mean": 1.0032360553741455,
  "rho_true_std": 0.07177506387233734
}