{
  "num_total": 32,
  "num_active": 14,
  "prop_active": 0.4375,
  "num_grid_like": 14,
  "prop_grid_like_in_active": 1.0,
  "mean_spacing_grid_like": 30.47009869107682,
  "rho_true_mean": 0.9094277620315552,
  "rho_true_std": 0.07104503363370895
}