{
  "num_total": 32,
  "num_active": 28,
  "prop_active": 0.875,
  "num_grid_like": 3,
  "prop_grid_like_in_active": 0.10714285714285714,
  "mean_spacing_grid_like": 35.80181532182042,
  "rho_true_mean": 1.0595524311065674,
  "rho_true_std": 0.1482054889202118
}