{
  "num_total": 32,
  "num_active": 15,
  "prop_active": 0.46875,
  "num_grid_like": 15,
  "prop_grid_like_in_active": 1.0,
  "mean_spacing_grid_like": 30.707504303777455,
  "rho_true_mean": 0.9057363867759705,
  "rho_true_std": 0.06665174663066864
}