{
  "num_total": 32,
  "num_active": 19,
  "prop_active": 0.59375,
  "num_grid_like": 6,
  "prop_grid_like_in_active": 0.3157894736842105,
  "mean_spacing_grid_like": 33.72776785000402,
  "rho_true_mean": 1.0172569751739502,
  "rho_true_std": 0.09048053622245789
}