{
  "num_total": 32,
  "num_active": 25,
  "prop_active": 0.78125,
  "num_grid_like": 13,
  "prop_grid_like_in_active": 0.52,
  "mean_spacing_grid_like": 34.979070032816495,
  "rho_true_mean": 1.040402889251709,
  "rho_true_std": 0.09872758388519287
}