{
  "num_total": 32,
  "num_active": 11,
  "prop_active": 0.34375,
  "num_grid_like": 11,
  "prop_grid_like_in_active": 1.0,
  "mean_spacing_grid_like": 27.72792196721442,
  "rho_true_mean": 0.8381091356277466,
  "rho_true_std": 0.0685654953122139
}