{
  "num_total": 32,
  "num_active": 16,
  "prop_active": 0.5,
  "num_grid_like": 11,
  "prop_grid_like_in_active": 0.6875,
  "mean_spacing_grid_like": 32.52572371134993,
  "rho_true_mean": 0.990339457988739,
  "rho_true_std": 0.10123708844184875
}