{
  "num_total": 32,
  "num_active": 13,
  "prop_active": 0.40625,
  "num_grid_like": 9,
  "prop_grid_like_in_active": 0.6923076923076923,
  "mean_spacing_grid_like": 32.74185485582133,
  "rho_true_mean": 0.9751885533332825,
  "rho_true_std": 0.08504049479961395
}