{
  "num_total": 32,
  "num_active": 14,
  "prop_active": 0.4375,
  "num_grid_like": 11,
  "prop_grid_like_in_active": 0.7857142857142857,
  "mean_spacing_grid_like": 29.772990977330718,
  "rho_true_mean": 0.9238237142562866,
  "rho_true_std": 0.12566983699798584
}