{
  "num_total": 32,
  "num_active": 16,
  "prop_active": 0.5,
  "num_grid_like": 14,
  "prop_grid_like_in_active": 0.875,
  "mean_spacing_grid_like": 32.53660699770971,
  "rho_true_mean": 0.9835184812545776,
  "rho_true_std": 0.08441661298274994
}