{
  "num_total": 32,
  "num_active": 9,
  "prop_active": 0.28125,
  "num_grid_like": 7,
  "prop_grid_like_in_active": 0.7777777777777778,
  "mean_spacing_grid_like": 29.25401191765929,
  "rho_true_mean": 0.8761082291603088,
  "rho_true_std": 0.09343945980072021
}