{
  "num_total": 32,
  "num_active": 28,
  "prop_active": 0.875,
  "num_grid_like": 9,
  "prop_grid_like_in_active": 0.32142857142857145,
  "mean_spacing_grid_like": 35.016629008958596,
  "rho_true_mean": 1.1853114366531372,
  "rho_true_std": 0.11850281059741974
}