{
  "num_total": 32,
  "num_active": 12,
  "prop_active": 0.375,
  "num_grid_like": 11,
  "prop_grid_like_in_active": 0.9166666666666666,
  "mean_spacing_grid_like": 31.036038084071834,
  "rho_true_mean": 0.9113471508026123,
  "rho_true_std": 0.08996198326349258
}