{
  "num_total": 32,
  "num_active": 8,
  "prop_active": 0.25,
  "num_grid_like": 7,
  "prop_grid_like_in_active": 0.875,
  "mean_spacing_grid_like": 28.431748191276466,
  "rho_true_mean": 0.7945698499679565,
  "rho_true_std": 0.06738247722387314
}