{
  "num_total": 32,
  "num_active": 24,
  "prop_active": 0.75,
  "num_grid_like": 3,
  "prop_grid_like_in_active": 0.125,
  "mean_spacing_grid_like": 34.76285170343959,
  "rho_true_mean": 1.039637565612793,
  "rho_true_std": 0.09940806031227112
}