{
  "num_total": 32,
  "num_active": 14,
  "prop_active": 0.4375,
  "num_grid_like": 14,
  "prop_grid_like_in_active": 1.0,
  "mean_spacing_grid_like": 32.005908115777444,
  "rho_true_mean": 0.9424336552619934,
  "rho_true_std": 0.07951805740594864
}