{
  "num_total": 32,
  "num_active": 12,
  "prop_active": 0.375,
  "num_grid_like": 12,
  "prop_grid_like_in_active": 1.0,
  "mean_spacing_grid_like": 30.436539732052722,
  "rho_true_mean": 0.871016263961792,
  "rho_true_std": 0.06716813892126083
}