{
  "num_total": 32,
  "num_active": 13,
  "prop_active": 0.40625,
  "num_grid_like": 10,
  "prop_grid_like_in_active": 0.7692307692307693,
  "mean_spacing_grid_like": 31.61926178001919,
  "rho_true_mean": 0.9445229172706604,
  "rho_true_std": 0.08698314428329468
}