{
  "num_total": 32,
  "num_active": 22,
  "prop_active": 0.6875,
  "num_grid_like": 22,
  "prop_grid_like_in_active": 1.0,
  "mean_spacing_grid_like": 31.380500718865196,
  "rho_true_mean": 0.9442962408065796,
  "rho_true_std": 0.06668446213006973
}