{
  "num_total": 32,
  "num_active": 21,
  "prop_active": 0.65625,
  "num_grid_like": 6,
  "prop_grid_like_in_active": 0.2857142857142857,
  "mean_spacing_grid_like": 36.04250716932832,
  "rho_true_mean": 1.0308829545974731,
  "rho_true_std": 0.09356798231601715
}