{
  "num_total": 32,
  "num_active": 24,
  "prop_active": 0.75,
  "num_grid_like": 10,
  "prop_grid_like_in_active": 0.4166666666666667,
  "mean_spacing_grid_like": 39.2959311601171,
  "rho_true_mean": 1.0477373600006104,
  "rho_true_std": 0.08845841139554977
}