{
  "num_total": 32,
  "num_active": 13,
  "prop_active": 0.40625,
  "num_grid_like": 13,
  "prop_grid_like_in_active": 1.0,
  "mean_spacing_grid_like": 29.04606434200219,
  "rho_true_mean": 0.8630616068840027,
  "rho_true_std": 0.07133162021636963
}