{
  "num_total": 32,
  "num_active": 21,
  "prop_active": 0.65625,
  "num_grid_like": 1,
  "prop_grid_like_in_active": 0.047619047619047616,
  "mean_spacing_grid_like": 34.9325562136136,
  "rho_true_mean": 1.0292807817459106,
  "rho_true_std": 0.10302082449197769
}