{
  "num_total": 32,
  "num_active": 16,
  "prop_active": 0.5,
  "num_grid_like": 16,
  "prop_grid_like_in_active": 1.0,
  "mean_spacing_grid_like": 29.31274441754856,
  "rho_true_mean": 0.8662610054016113,
  "rho_true_std": 0.06825929880142212
}