{
  "num_total": 32,
  "num_active": 24,
  "prop_active": 0.75,
  "num_grid_like": 11,
  "prop_grid_like_in_active": 0.4583333333333333,
  "mean_spacing_grid_like": 35.298042029512935,
  "rho_true_mean": 1.0380876064300537,
  "rho_true_std": 0.0994262844324112
}