{
  "num_total": 32,
  "num_active": 12,
  "prop_active": 0.375,
  "num_grid_like": 12,
  "prop_grid_like_in_active": 1.0,
  "mean_spacing_grid_like": 27.706555024366818,
  "rho_true_mean": 0.8311156034469604,
  "rho_true_std": 0.06189728528261185
}