{
  "num_total": 32,
  "num_active": 24,
  "prop_active": 0.75,
  "num_grid_like": 24,
  "prop_grid_like_in_active": 1.0,
  "mean_spacing_grid_like": 32.555328808733684,
  "rho_true_mean": 0.9837313890457153,
  "rho_true_std": 0.0911501944065094
}