{
  "num_total": 32,
  "num_active": 11,
  "prop_active": 0.34375,
  "num_grid_like": 11,
  "prop_grid_like_in_active": 1.0,
  "mean_spacing_grid_like": 29.58232970909189,
  "rho_true_mean": 0.8489358425140381,
  "rho_true_std": 0.079585961997509
}