{
  "num_total": 32,
  "num_active": 28,
  "prop_active": 0.875,
  "num_grid_like": 7,
  "prop_grid_like_in_active": 0.25,
  "mean_spacing_grid_like": 36.7482342283417,
  "rho_true_mean": 1.0320136547088623,
  "rho_true_std": 0.09337710589170456
}