{
  "num_total": 32,
  "num_active": 12,
  "prop_active": 0.375,
  "num_grid_like": 8,
  "prop_grid_like_in_active": 0.6666666666666666,
  "mean_spacing_grid_like": 27.661725197700108,
  "rho_true_mean": 0.8320416808128357,
  "rho_true_std": 0.07639291882514954
}