{
  "num_total": 32,
  "num_active": 26,
  "prop_active": 0.8125,
  "num_grid_like": 26,
  "prop_grid_like_in_active": 1.0,
  "mean_spacing_grid_like": 30.567440912766116,
  "rho_true_mean": 0.90339595079422,
  "rho_true_std": 0.06354306638240814
}