{
  "num_total": 32,
  "num_active": 17,
  "prop_active": 0.53125,
  "num_grid_like": 12,
  "prop_grid_like_in_active": 0.7058823529411765,
  "mean_spacing_grid_like": 34.3742424447724,
  "rho_true_mean": 1.0168157815933228,
  "rho_true_std": 0.08321471512317657
}