{
  "num_total": 32,
  "num_active": 16,
  "prop_active": 0.5,
  "num_grid_like": 16,
  "prop_grid_like_in_active": 1.0,
  "mean_spacing_grid_like": 31.687433192127173,
  "rho_true_mean": 0.9513694643974304,
  "rho_true_std": 0.08358461409807205
}