{
  "num_total": 32,
  "num_active": 24,
  "prop_active": 0.75,
  "num_grid_like": 24,
  "prop_grid_like_in_active": 1.0,
  "mean_spacing_grid_like": 31.39637066534361,
  "rho_true_mean": 0.939653754234314,
  "rho_true_std": 0.07337336242198944
}