{
  "num_total": 32,
  "num_active": 14,
  "prop_active": 0.4375,
  "num_grid_like": 11,
  "prop_grid_like_in_active": 0.7857142857142857,
  "mean_spacing_grid_like": 27.847973843287864,
  "rho_true_mean": 0.819793164730072,
  "rho_true_std": 0.06390314549207687
}