{
  "num_total": 32,
  "num_active": 11,
  "prop_active": 0.34375,
  "num_grid_like": 11,
  "prop_grid_like_in_active": 1.0,
  "mean_spacing_grid_like": 28.904944527013924,
  "rho_true_mean": 0.8276206254959106,
  "rho_true_std": 0.07439772039651871
}