{
  "num_total": 32,
  "num_active": 11,
  "prop_active": 0.34375,
  "num_grid_like": 7,
  "prop_grid_like_in_active": 0.6363636363636364,
  "mean_spacing_grid_like": 28.16138978746219,
  "rho_true_mean": 0.830238401889801,
  "rho_true_std": 0.07292905449867249
}