{
  "num_total": 32,
  "num_active": 23,
  "prop_active": 0.71875,
  "num_grid_like": 23,
  "prop_grid_like_in_active": 1.0,
  "mean_spacing_grid_like": 32.62241009772516,
  "rho_true_mean": 0.9826280474662781,
  "rho_true_std": 0.07262852042913437
}