{
  "num_total": 32,
  "num_active": 26,
  "prop_active": 0.8125,
  "num_grid_like": 26,
  "prop_grid_like_in_active": 1.0,
  "mean_spacing_grid_like": 36.346517260985436,
  "rho_true_mean": 1.0381999015808105,
  "rho_true_std": 0.0914493203163147
}