{
  "num_total": 32,
  "num_active": 13,
  "prop_active": 0.40625,
  "num_grid_like": 11,
  "prop_grid_like_in_active": 0.8461538461538461,
  "mean_spacing_grid_like": 31.101231144597296,
  "rho_true_mean": 0.9347504377365112,
  "rho_true_std": 0.08138782531023026
}