{
  "num_total": 32,
  "num_active": 13,
  "prop_active": 0.40625,
  "num_grid_like": 13,
  "prop_grid_like_in_active": 1.0,
  "mean_spacing_grid_like": 32.756937372650334,
  "rho_true_mean": 0.9820734262466431,
  "rho_true_std": 0.08424899727106094
}