{
  "num_total": 32,
  "num_active": 10,
  "prop_active": 0.3125,
  "num_grid_like": 8,
  "prop_grid_like_in_active": 0.8,
  "mean_spacing_grid_like": 29.77663863740348,
  "rho_true_mean": 0.8607348203659058,
  "rho_true_std": 0.08249811083078384
}