{
  "num_total": 32,
  "num_active": 10,
  "prop_active": 0.3125,
  "num_grid_like": 10,
  "prop_grid_like_in_active": 1.0,
  "mean_spacing_grid_like": 30.045880074842664,
  "rho_true_mean": 0.8860057592391968,
  "rho_true_std": 0.0773271843791008
}