{
  "num_total": 32,
  "num_active": 20,
  "prop_active": 0.625,
  "num_grid_like": 19,
  "prop_grid_like_in_active": 0.95,
  "mean_spacing_grid_like": 37.425920902401934,
  "rho_true_mean": 1.0537550449371338,
  "rho_true_std": 0.10020492970943451
}