{
  "num_total": 32,
  "num_active": 13,
  "prop_active": 0.40625,
  "num_grid_like": 9,
  "prop_grid_like_in_active": 0.6923076923076923,
  "mean_spacing_grid_like": 29.525495871275943,
  "rho_true_mean": 0.8486050367355347,
  "rho_true_std": 0.077886663377285
}