{
  "num_total": 32,
  "num_active": 11,
  "prop_active": 0.34375,
  "num_grid_like": 10,
  "prop_grid_like_in_active": 0.9090909090909091,
  "mean_spacing_grid_like": 28.276945442951813,
  "rho_true_mean": 0.8220840692520142,
  "rho_true_std": 0.05979986861348152
}