{
  "num_total": 32,
  "num_active": 15,
  "prop_active": 0.46875,
  "num_grid_like": 9,
  "prop_grid_like_in_active": 0.6,
  "mean_spacing_grid_like": 34.509283791306274,
  "rho_true_mean": 1.0114414691925049,
  "rho_true_std": 0.0878128707408905
}