{
  "num_total": 32,
  "num_active": 12,
  "prop_active": 0.375,
  "num_grid_like": 12,
  "prop_grid_like_in_active": 1.0,
  "mean_spacing_grid_like": 27.30899796604432,
  "rho_true_mean": 0.8287540674209595,
  "rho_true_std": 0.07784153521060944
}