{
  "num_total": 32,
  "num_active": 19,
  "prop_active": 0.59375,
  "num_grid_like": 15,
  "prop_grid_like_in_active": 0.7894736842105263,
  "mean_spacing_grid_like": 34.079451614830674,
  "rho_true_mean": 1.0161426067352295,
  "rho_true_std": 0.10197373479604721
}