{
  "num_total": 32,
  "num_active": 11,
  "prop_active": 0.34375,
  "num_grid_like": 11,
  "prop_grid_like_in_active": 1.0,
  "mean_spacing_grid_like": 30.748684613774813,
  "rho_true_mean": 0.9167381525039673,
  "rho_true_std": 0.07475247234106064
}