{
  "num_total": 32,
  "num_active": 24,
  "prop_active": 0.75,
  "num_grid_like": 24,
  "prop_grid_like_in_active": 1.0,
  "mean_spacing_grid_like": 34.03598736089091,
  "rho_true_mean": 1.0201077461242676,
  "rho_true_std": 0.09521478414535522
}