{
  "num_total": 32,
  "num_active": 21,
  "prop_active": 0.65625,
  "num_grid_like": 21,
  "prop_grid_like_in_active": 1.0,
  "mean_spacing_grid_like": 30.562861924586016,
  "rho_true_mean": 0.9179804921150208,
  "rho_true_std": 0.07469607889652252
}