{
  "num_total": 32,
  "num_active": 12,
  "prop_active": 0.375,
  "num_grid_like": 12,
  "prop_grid_like_in_active": 1.0,
  "mean_spacing_grid_like": 29.646395913395228,
  "rho_true_mean": 0.8775945901870728,
  "rho_true_std": 0.06969156861305237
}