{
  "num_total": 32,
  "num_active": 10,
  "prop_active": 0.3125,
  "num_grid_like": 7,
  "prop_grid_like_in_active": 0.7,
  "mean_spacing_grid_like": 28.250225809660005,
  "rho_true_mean": 0.824874758720398,
  "rho_true_std": 0.07410524040460587
}