{
  "num_total": 32,
  "num_active": 13,
  "prop_active": 0.40625,
  "num_grid_like": 12,
  "prop_grid_like_in_active": 0.9230769230769231,
  "mean_spacing_grid_like": 29.063640152898063,
  "rho_true_mean": 0.8461663722991943,
  "rho_true_std": 0.08889135718345642
}