{
  "num_total": 32,
  "num_active": 11,
  "prop_active": 0.34375,
  "num_grid_like": 11,
  "prop_grid_like_in_active": 1.0,
  "mean_spacing_grid_like": 30.446515429862053,
  "rho_true_mean": 0.902698814868927,
  "rho_true_std": 0.07548147439956665
}