{
  "num_total": 32,
  "num_active": 21,
  "prop_active": 0.65625,
  "num_grid_like": 5,
  "prop_grid_like_in_active": 0.23809523809523808,
  "mean_spacing_grid_like": 34.433333546417956,
  "rho_true_mean": 1.0112627744674683,
  "rho_true_std": 0.09688658267259598
}