{
  "num_total": 32,
  "num_active": 21,
  "prop_active": 0.65625,
  "num_grid_like": 7,
  "prop_grid_like_in_active": 0.3333333333333333,
  "mean_spacing_grid_like": 35.85698969156273,
  "rho_true_mean": 1.0393579006195068,
  "rho_true_std": 0.0992325022816658
}