{
  "num_total": 32,
  "num_active": 26,
  "prop_active": 0.8125,
  "num_grid_like": 26,
  "prop_grid_like_in_active": 1.0,
  "mean_spacing_grid_like": 34.082306011354824,
  "rho_true_mean": 1.1945908069610596,
  "rho_true_std": 0.1097799763083458
}