{
  "num_total": 32,
  "num_active": 13,
  "prop_active": 0.40625,
  "num_grid_like": 10,
  "prop_grid_like_in_active": 0.7692307692307693,
  "mean_spacing_grid_like": 28.05221930746411,
  "rho_true_mean": 0.8141738176345825,
  "rho_true_std": 0.06345761567354202
}