{
  "num_total": 32,
  "num_active": 30,
  "prop_active": 0.9375,
  "num_grid_like": 3,
  "prop_grid_like_in_active": 0.1,
  "mean_spacing_grid_like": 38.87913581505146,
  "rho_true_mean": 1.0001585483551025,
  "rho_true_std": 0.12022586911916733
}