{
  "num_total": 32,
  "num_active": 12,
  "prop_active": 0.375,
  "num_grid_like": 12,
  "prop_grid_like_in_active": 1.0,
  "mean_spacing_grid_like": 31.032786059002493,
  "rho_true_mean": 0.90224689245224,
  "rho_true_std": 0.08518161624670029
}