{
  "num_total": 32,
  "num_active": 26,
  "prop_active": 0.8125,
  "num_grid_like": 26,
  "prop_grid_like_in_active": 1.0,
  "mean_spacing_grid_like": 32.42806966064472,
  "rho_true_mean": 0.9831611514091492,
  "rho_true_std": 0.07285260409116745
}