{
  "num_total": 32,
  "num_active": 23,
  "prop_active": 0.71875,
  "num_grid_like": 23,
  "prop_grid_like_in_active": 1.0,
  "mean_spacing_grid_like": 24.281742885296076,
  "rho_true_mean": 1.6341054439544678,
  "rho_true_std": 0.17716671526432037
}