{
  "num_total": 32,
  "num_active": 21,
  "prop_active": 0.65625,
  "num_grid_like": 20,
  "prop_grid_like_in_active": 0.9523809523809523,
  "mean_spacing_grid_like": 24.84949516139893,
  "rho_true_mean": 1.6651287078857422,
  "rho_true_std": 0.23914197087287903
}