{
  "num_total": 32,
  "num_active": 25,
  "prop_active": 0.78125,
  "num_grid_like": 13,
  "prop_grid_like_in_active": 0.52,
  "mean_spacing_grid_like": 28.313818433817968,
  "rho_true_mean": 1.4087908267974854,
  "rho_true_std": 0.16635490953922272
}