{
  "num_total": 32,
  "num_active": 24,
  "prop_active": 0.75,
  "num_grid_like": 24,
  "prop_grid_like_in_active": 1.0,
  "mean_spacing_grid_like": 28.976445112284807,
  "rho_true_mean": 1.400113821029663,
  "rho_true_std": 0.1426050215959549
}