{
  "num_total": 32,
  "num_active": 29,
  "prop_active": 0.90625,
  "num_grid_like": 14,
  "prop_grid_like_in_active": 0.4827586206896552,
  "mean_spacing_grid_like": 24.878308956838566,
  "rho_true_mean": 1.5856938362121582,
  "rho_true_std": 0.2104591429233551
}