{
  "num_total": 32,
  "num_active": 25,
  "prop_active": 0.78125,
  "num_grid_like": 14,
  "prop_grid_like_in_active": 0.56,
  "mean_spacing_grid_like": 29.53978329629205,
  "rho_true_mean": 1.3045430183410645,
  "rho_true_std": 0.13683784008026123
}