{
  "num_total": 32,
  "num_active": 22,
  "prop_active": 0.6875,
  "num_grid_like": 17,
  "prop_grid_like_in_active": 0.7727272727272727,
  "mean_spacing_grid_like": 25.7090264549378,
  "rho_true_mean": 1.6530077457427979,
  "rho_true_std": 0.266191691160202
}