{
  "num_total": 32,
  "num_active": 25,
  "prop_active": 0.78125,
  "num_grid_like": 10,
  "prop_grid_like_in_active": 0.4,
  "mean_spacing_grid_like": 26.077112690019465,
  "rho_true_mean": 1.6385891437530518,
  "rho_true_std": 0.28555968403816223
}