{
  "num_total": 32,
  "num_active": 28,
  "prop_active": 0.875,
  "num_grid_like": 1,
  "prop_grid_like_in_active": 0.03571428571428571,
  "mean_spacing_grid_like": 26.31805266781863,
  "rho_true_mean": 1.5196659564971924,
  "rho_true_std": 0.3553003966808319
}