{
  "num_total": 32,
  "num_active": 21,
  "prop_active": 0.65625,
  "num_grid_like": 21,
  "prop_grid_like_in_active": 1.0,
  "mean_spacing_grid_like": 24.921102246601745,
  "rho_true_mean": 1.5823242664337158,
  "rho_true_std": 0.2280932068824768
}