{
  "num_total": 32,
  "num_active": 24,
  "prop_active": 0.75,
  "num_grid_like": 16,
  "prop_grid_like_in_active": 0.6666666666666666,
  "mean_spacing_grid_like": 26.80293978326484,
  "rho_true_mean": 1.485065221786499,
  "rho_true_std": 0.2097751349210739
}