{
  "num_total": 32,
  "num_active": 25,
  "prop_active": 0.78125,
  "num_grid_like": 3,
  "prop_grid_like_in_active": 0.12,
  "mean_spacing_grid_like": 28.545625534413904,
  "rho_true_mean": 1.4097254276275635,
  "rho_true_std": 0.20121529698371887
}