{
  "num_total": 32,
  "num_active": 27,
  "prop_active": 0.84375,
  "num_grid_like": 10,
  "prop_grid_like_in_active": 0.37037037037037035,
  "mean_spacing_grid_like": 25.81606675969524,
  "rho_true_mean": 1.7550222873687744,
  "rho_true_std": 0.3315155804157257
}