{
  "num_total": 32,
  "num_active": 25,
  "prop_active": 0.78125,
  "num_grid_like": 25,
  "prop_grid_like_in_active": 1.0,
  "mean_spacing_grid_like": 25.708207008558983,
  "rho_true_mean": 1.5379917621612549,
  "rho_true_std": 0.14122161269187927
}