{
  "num_total": 32,
  "num_active": 24,
  "prop_active": 0.75,
  "num_grid_like": 11,
  "prop_grid_like_in_active": 0.4583333333333333,
  "mean_spacing_grid_like": 27.66771524494343,
  "rho_true_mean": 1.4910107851028442,
  "rho_true_std": 0.20027688145637512
}