{
  "num_total": 32,
  "num_active": 21,
  "prop_active": 0.65625,
  "num_grid_like": 13,
  "prop_grid_like_in_active": 0.6190476190476191,
  "mean_spacing_grid_like": 26.07505285032226,
  "rho_true_mean": 1.638785481452942,
  "rho_true_std": 0.34520766139030457
}