{
  "num_total": 32,
  "num_active": 28,
  "prop_active": 0.875,
  "num_grid_like": 28,
  "prop_grid_like_in_active": 1.0,
  "mean_spacing_grid_like": 31.364197898938674,
  "rho_true_mean": 1.310652732849121,
  "rho_true_std": 0.11358024179935455
}