{
  "num_total": 32,
  "num_active": 22,
  "prop_active": 0.6875,
  "num_grid_like": 12,
  "prop_grid_like_in_active": 0.5454545454545454,
  "mean_spacing_grid_like": 26.048544645093155,
  "rho_true_mean": 1.5734539031982422,
  "rho_true_std": 0.20842111110687256
}