{
  "num_total": 32,
  "num_active": 25,
  "prop_active": 0.78125,
  "num_grid_like": 13,
  "prop_grid_like_in_active": 0.52,
  "mean_spacing_grid_like": 28.543707118890612,
  "rho_true_mean": 1.3730473518371582,
  "rho_true_std": 0.15313869714736938
}