{
  "num_total": 32,
  "num_active": 24,
  "prop_active": 0.75,
  "num_grid_like": 10,
  "prop_grid_like_in_active": 0.4166666666666667,
  "mean_spacing_grid_like": 29.98387102159615,
  "rho_true_mean": 1.3168609142303467,
  "rho_true_std": 0.15315158665180206
}