{
  "num_total": 32,
  "num_active": 23,
  "prop_active": 0.71875,
  "num_grid_like": 18,
  "prop_grid_like_in_active": 0.782608695652174,
  "mean_spacing_grid_like": 29.14043533905104,
  "rho_true_mean": 1.5100336074829102,
  "rho_true_std": 0.21920333802700043
}