{
  "num_total": 32,
  "num_active": 22,
  "prop_active": 0.6875,
  "num_grid_like": 6,
  "prop_grid_like_in_active": 0.2727272727272727,
  "mean_spacing_grid_like": 28.231996167717067,
  "rho_true_mean": 1.567561149597168,
  "rho_true_std": 0.39175957441329956
}