{
  "num_total": 32,
  "num_active": 24,
  "prop_active": 0.75,
  "num_grid_like": 16,
  "prop_grid_like_in_active": 0.6666666666666666,
  "mean_spacing_grid_like": 28.476221066242793,
  "rho_true_mean": 1.4960932731628418,
  "rho_true_std": 0.18219316005706787
}