{
  "num_total": 32,
  "num_active": 28,
  "prop_active": 0.875,
  "num_grid_like": 28,
  "prop_grid_like_in_active": 1.0,
  "mean_spacing_grid_like": 25.87401331802584,
  "rho_true_mean": 1.5673542022705078,
  "rho_true_std": 0.1588393896818161
}