{
  "num_total": 32,
  "num_active": 25,
  "prop_active": 0.78125,
  "num_grid_like": 24,
  "prop_grid_like_in_active": 0.96,
  "mean_spacing_grid_like": 25.601754587519775,
  "rho_true_mean": 1.635040521621704,
  "rho_true_std": 0.17492814362049103
}