{
  "num_total": 32,
  "num_active": 23,
  "prop_active": 0.71875,
  "num_grid_like": 14,
  "prop_grid_like_in_active": 0.6086956521739131,
  "mean_spacing_grid_like": 29.38246079389723,
  "rho_true_mean": 1.4184476137161255,
  "rho_true_std": 0.17745855450630188
}