{
  "num_total": 32,
  "num_active": 27,
  "prop_active": 0.84375,
  "num_grid_like": 27,
  "prop_grid_like_in_active": 1.0,
  "mean_spacing_grid_like": 25.496500370078415,
  "rho_true_mean": 1.7020692825317383,
  "rho_true_std": 0.2001243233680725
}