{
  "num_total": 32,
  "num_active": 24,
  "prop_active": 0.75,
  "num_grid_like": 3,
  "prop_grid_like_in_active": 0.125,
  "mean_spacing_grid_like": 31.91987055096799,
  "rho_true_mean": 1.3219077587127686,
  "rho_true_std": 0.14632894098758698
}