{
  "num_total": 32,
  "num_active": 25,
  "prop_active": 0.78125,
  "num_grid_like": 4,
  "prop_grid_like_in_active": 0.16,
  "mean_spacing_grid_like": 26.242750766638814,
  "rho_true_mean": 1.6343917846679688,
  "rho_true_std": 0.25991764664649963
}