{
  "num_total": 32,
  "num_active": 23,
  "prop_active": 0.71875,
  "num_grid_like": 22,
  "prop_grid_like_in_active": 0.9565217391304348,
  "mean_spacing_grid_like": 25.165166224631456,
  "rho_true_mean": 1.6257131099700928,
  "rho_true_std": 0.18683700263500214
}