{
  "num_total": 32,
  "num_active": 25,
  "prop_active": 0.78125,
  "num_grid_like": 13,
  "prop_grid_like_in_active": 0.52,
  "mean_spacing_grid_like": 25.337814179526823,
  "rho_true_mean": 1.8016830682754517,
  "rho_true_std": 0.37249478697776794
}