{
  "num_total": 32,
  "num_active": 26,
  "prop_active": 0.8125,
  "num_grid_like": 12,
  "prop_grid_like_in_active": 0.46153846153846156,
  "mean_spacing_grid_like": 25.64792035477477,
  "rho_true_mean": 1.6910197734832764,
  "rho_true_std": 0.2665916085243225
}