{
  "num_total": 32,
  "num_active": 25,
  "prop_active": 0.78125,
  "num_grid_like": 11,
  "prop_grid_like_in_active": 0.44,
  "mean_spacing_grid_like": 25.29232435492803,
  "rho_true_mean": 1.5926775932312012,
  "rho_true_std": 0.25649887323379517
}