{
  "num_total": 32,
  "num_active": 27,
  "prop_active": 0.84375,
  "num_grid_like": 4,
  "prop_grid_like_in_active": 0.14814814814814814,
  "mean_spacing_grid_like": 32.18131847801326,
  "rho_true_mean": 1.2313536405563354,
  "rho_true_std": 0.16170020401477814
}