{
  "num_total": 32,
  "num_active": 18,
  "prop_active": 0.5625,
  "num_grid_like": 0,
  "prop_grid_like_in_active": 0.0,
  "mean_spacing_grid_like": 0.0,
  "rho_true_mean": 0.05837324634194374,
  "rho_true_std": 0.030738940462470055
}