{
  "num_total": 32,
  "num_active": 26,
  "prop_active": 0.8125,
  "num_grid_like": 13,
  "prop_grid_like_in_active": 0.5,
  "mean_spacing_grid_like": 26.332014808271005,
  "rho_true_mean": 1.629858374595642,
  "rho_true_std": 0.24398060142993927
}