{
  "num_total": 32,
  "num_active": 26,
  "prop_active": 0.8125,
  "num_grid_like": 25,
  "prop_grid_like_in_active": 0.9615384615384616,
  "mean_spacing_grid_like": 25.667429015238646,
  "rho_true_mean": 1.7461072206497192,
  "rho_true_std": 0.18726846575737
}