{
  "num_total": 32,
  "num_active": 26,
  "prop_active": 0.8125,
  "num_grid_like": 26,
  "prop_grid_like_in_active": 1.0,
  "mean_spacing_grid_like": 25.272482325008152,
  "rho_true_mean": 1.6432294845581055,
  "rho_true_std": 0.17800413072109222
}