{
  "num_total": 32,
  "num_active": 25,
  "prop_active": 0.78125,
  "num_grid_like": 25,
  "prop_grid_like_in_active": 1.0,
  "mean_spacing_grid_like": 28.268043401145857,
  "rho_true_mean": 1.4855802059173584,
  "rho_true_std": 0.15763498842716217
}