{
  "num_total": 32,
  "num_active": 23,
  "prop_active": 0.71875,
  "num_grid_like": 4,
  "prop_grid_like_in_active": 0.17391304347826086,
  "mean_spacing_grid_like": 27.36328782879147,
  "rho_true_mean": 1.4636409282684326,
  "rho_true_std": 0.2199707180261612
}