{
  "num_total": 32,
  "num_active": 24,
  "prop_active": 0.75,
  "num_grid_like": 13,
  "prop_grid_like_in_active": 0.5416666666666666,
  "mean_spacing_grid_like": 25.26858303987431,
  "rho_true_mean": 1.6661674976348877,
  "rho_true_std": 0.2546648383140564
}