{
  "num_total": 32,
  "num_active": 25,
  "prop_active": 0.78125,
  "num_grid_like": 11,
  "prop_grid_like_in_active": 0.44,
  "mean_spacing_grid_like": 25.546825352343024,
  "rho_true_mean": 1.5879021883010864,
  "rho_true_std": 0.21656516194343567
}