{
  "num_total": 32,
  "num_active": 26,
  "prop_active": 0.8125,
  "num_grid_like": 26,
  "prop_grid_like_in_active": 1.0,
  "mean_spacing_grid_like": 29.874779076676536,
  "rho_true_mean": 1.4002021551132202,
  "rho_true_std": 0.1352950632572174
}