{
  "num_total": 32,
  "num_active": 25,
  "prop_active": 0.78125,
  "num_grid_like": 12,
  "prop_grid_like_in_active": 0.48,
  "mean_spacing_grid_like": 26.60727454851237,
  "rho_true_mean": 1.4998489618301392,
  "rho_true_std": 0.19347839057445526
}