{
  "num_total": 32,
  "num_active": 23,
  "prop_active": 0.71875,
  "num_grid_like": 17,
  "prop_grid_like_in_active": 0.7391304347826086,
  "mean_spacing_grid_like": 27.61651042917378,
  "rho_true_mean": 1.581919550895691,
  "rho_true_std": 0.21898424625396729
}