{
  "num_total": 32,
  "num_active": 21,
  "prop_active": 0.65625,
  "num_grid_like": 4,
  "prop_grid_like_in_active": 0.19047619047619047,
  "mean_spacing_grid_like": 29.943220634124415,
  "rho_true_mean": 1.3852462768554688,
  "rho_true_std": 0.2158193439245224
}