{
  "num_total": 32,
  "num_active": 28,
  "prop_active": 0.875,
  "num_grid_like": 15,
  "prop_grid_like_in_active": 0.5357142857142857,
  "mean_spacing_grid_like": 29.943411953597604,
  "rho_true_mean": 1.4298512935638428,
  "rho_true_std": 0.22433939576148987
}