{
  "num_total": 32,
  "num_active": 27,
  "prop_active": 0.84375,
  "num_grid_like": 26,
  "prop_grid_like_in_active": 0.9629629629629629,
  "mean_spacing_grid_like": 25.362094913010473,
  "rho_true_mean": 1.6076829433441162,
  "rho_true_std": 0.15618804097175598
}