{
  "num_total": 32,
  "num_active": 29,
  "prop_active": 0.90625,
  "num_grid_like": 29,
  "prop_grid_like_in_active": 1.0,
  "mean_spacing_grid_like": 25.51570561918456,
  "rho_true_mean": 1.5721074342727661,
  "rho_true_std": 0.16550594568252563
}