{
  "num_total": 32,
  "num_active": 24,
  "prop_active": 0.75,
  "num_grid_like": 24,
  "prop_grid_like_in_active": 1.0,
  "mean_spacing_grid_like": 30.08976852656858,
  "rho_true_mean": 1.3837389945983887,
  "rho_true_std": 0.12344543635845184
}