{
  "num_total": 32,
  "num_active": 26,
  "prop_active": 0.8125,
  "num_grid_like": 26,
  "prop_grid_like_in_active": 1.0,
  "mean_spacing_grid_like": 24.96704404337331,
  "rho_true_mean": 1.6722002029418945,
  "rho_true_std": 0.19931605458259583
}