{
  "num_total": 32,
  "num_active": 28,
  "prop_active": 0.875,
  "num_grid_like": 28,
  "prop_grid_like_in_active": 1.0,
  "mean_spacing_grid_like": 25.36533465541675,
  "rho_true_mean": 1.7119300365447998,
  "rho_true_std": 0.1948634386062622
}