{
  "num_total": 32,
  "num_active": 22,
  "prop_active": 0.6875,
  "num_grid_like": 22,
  "prop_grid_like_in_active": 1.0,
  "mean_spacing_grid_like": 27.9366890457354,
  "rho_true_mean": 1.398235559463501,
  "rho_true_std": 0.13297352194786072
}