{
  "num_total": 32,
  "num_active": 28,
  "prop_active": 0.875,
  "num_grid_like": 11,
  "prop_grid_like_in_active": 0.39285714285714285,
  "mean_spacing_grid_like": 26.276471431202705,
  "rho_true_mean": 1.7125322818756104,
  "rho_true_std": 0.2697005867958069
}