{
  "num_total": 32,
  "num_active": 22,
  "prop_active": 0.6875,
  "num_grid_like": 16,
  "prop_grid_like_in_active": 0.7272727272727273,
  "mean_spacing_grid_like": 24.497976335482136,
  "rho_true_mean": 1.7400634288787842,
  "rho_true_std": 0.31845465302467346
}