{
  "num_total": 32,
  "num_active": 25,
  "prop_active": 0.78125,
  "num_grid_like": 12,
  "prop_grid_like_in_active": 0.48,
  "mean_spacing_grid_like": 27.303982534837928,
  "rho_true_mean": 1.5012844800949097,
  "rho_true_std": 0.19487014412879944
}