{
  "num_total": 32,
  "num_active": 29,
  "prop_active": 0.90625,
  "num_grid_like": 8,
  "prop_grid_like_in_active": 0.27586206896551724,
  "mean_spacing_grid_like": 31.779881170496573,
  "rho_true_mean": 1.2962087392807007,
  "rho_true_std": 0.15485966205596924
}