{
  "num_total": 32,
  "num_active": 25,
  "prop_active": 0.78125,
  "num_grid_like": 12,
  "prop_grid_like_in_active": 0.48,
  "mean_spacing_grid_like": 30.739983246105215,
  "rho_true_mean": 1.3046215772628784,
  "rho_true_std": 0.15713734924793243
}