{
  "num_total": 32,
  "num_active": 23,
  "prop_active": 0.71875,
  "num_grid_like": 23,
  "prop_grid_like_in_active": 1.0,
  "mean_spacing_grid_like": 24.834380039744477,
  "rho_true_mean": 1.6935251951217651,
  "rho_true_std": 0.20335929095745087
}