{
  "num_total": 32,
  "num_active": 24,
  "prop_active": 0.75,
  "num_grid_like": 15,
  "prop_grid_like_in_active": 0.625,
  "mean_spacing_grid_like": 24.54545402524781,
  "rho_true_mean": 1.7392261028289795,
  "rho_true_std": 0.33414962887763977
}