{
  "num_total": 32,
  "num_active": 23,
  "prop_active": 0.71875,
  "num_grid_like": 16,
  "prop_grid_like_in_active": 0.6956521739130435,
  "mean_spacing_grid_like": 27.821017052760713,
  "rho_true_mean": 1.4975969791412354,
  "rho_true_std": 0.20615704357624054
}