{
  "num_total": 32,
  "num_active": 24,
  "prop_active": 0.75,
  "num_grid_like": 24,
  "prop_grid_like_in_active": 1.0,
  "mean_spacing_grid_like": 25.719289739033673,
  "rho_true_mean": 1.5782809257507324,
  "rho_true_std": 0.16663147509098053
}