{
  "num_total": 32,
  "num_active": 28,
  "prop_active": 0.875,
  "num_grid_like": 28,
  "prop_grid_like_in_active": 1.0,
  "mean_spacing_grid_like": 31.39015588214223,
  "rho_true_mean": 1.3009201288223267,
  "rho_true_std": 0.11122208088636398
}