{
  "num_total": 32,
  "num_active": 11,
  "prop_active": 0.34375,
  "num_grid_like": 2,
  "prop_grid_like_in_active": 0.18181818181818182,
  "mean_spacing_grid_like": 27.929234349202645
}