{
  "num_total": 32,
  "num_active": 14,
  "prop_active": 0.4375,
  "num_grid_like": 9,
  "prop_grid_like_in_active": 0.6428571428571429,
  "mean_spacing_grid_like": 29.138341600450563
}