{
  "num_total": 32,
  "num_active": 18,
  "prop_active": 0.5625,
  "num_grid_like": 5,
  "prop_grid_like_in_active": 0.2777777777777778,
  "mean_spacing_grid_like": 28.804100554768503
}