{
  "num_total": 32,
  "num_active": 18,
  "prop_active": 0.5625,
  "num_grid_like": 2,
  "prop_grid_like_in_active": 0.1111111111111111,
  "mean_spacing_grid_like": 30.033481574554862
}